Project,Last_Activity
0416354917/COMP6442/,2024-06-08 05:46:58+00:00
3electrons/AnalogWidgets/,2024-03-11 02:32:07+00:00
4dnucleome/cog-abm/,2024-08-09 17:24:23+00:00
Aapzu/super-duper-pentago/,2024-04-24 19:13:20+00:00
aarondunn/bugkick/,2024-01-10 13:58:30+00:00
abarbour/psd/,2023-12-22 22:40:16+00:00
abego/treelayout/,2024-09-12 04:35:38+00:00
AbelianGroupInc/LmInterpreter/,2024-03-28 23:08:29+00:00
abhagupta/codepath-uber-clone/,2023-12-16 07:46:09+00:00
ABI-Software/ICMA/,2024-03-28 19:14:12+00:00
abreitenfeld/QCrystalTile/,2024-03-19 11:37:18+00:00
abstratt/cloudfier/,2024-01-13 23:52:53+00:00
abulka/pynsource/,2024-11-09 15:06:43+00:00
accord-net/framework/,2024-11-13 10:34:44+00:00
ackepenek/HavayoluSirketSistemi/,2024-03-21 05:08:02+00:00
acmeair/acmeair/,2024-03-31 14:13:44+00:00
ACS-Community/ACS/,2024-07-11 00:13:10+00:00
Activiti/Activiti/,2024-11-14 15:17:38+00:00
adanselm/adanselm.github.io/,2024-05-30 12:42:39+00:00
adiknoth/ffado/,2024-04-08 23:51:48+00:00
adisandro/MMINT/,2024-10-14 16:04:13+00:00
adityaapte/CERR/,2024-11-06 14:09:43+00:00
adius/polyphone/,2024-04-21 10:29:26+00:00
AdmiralSam/FinalProject/,2024-02-06 15:08:17+00:00
adngdb/fightly-game-engine/,2024-11-01 01:14:12+00:00
adolfosbh/cs2as/,2024-05-06 03:21:04+00:00
AdrianApostolov/TelerikAcademy/,2023-11-22 14:26:23+00:00
aegif/NemakiWare/,2024-07-18 08:36:58+00:00
afarber/alexander-farber/,2023-11-27 13:03:24+00:00
afronski/playground-notes/,2024-08-03 17:01:09+00:00
AGProjects/python-sipsimple/,2024-11-01 12:23:35+00:00
airingursb/EMPs/,2023-12-13 12:11:28+00:00
AKerr94/OFCP-AI/,2024-06-23 20:26:25+00:00
akigupta131/omdm/,2024-08-27 05:35:12+00:00
al2wyw/sourceCode_utilityDemo_designPattern/,2024-11-04 08:54:58+00:00
albertoblaz/Wikious/,2024-10-27 17:43:51+00:00
AlessandroSanino1994/NerdOrDungeons/,2024-02-28 02:41:46+00:00
AlexandreRozier/Library-Management-System/,2024-07-17 14:27:43+00:00
algaworks/curso-fundamentos-java-e-orientacao-a-objetos/,2024-07-17 13:45:16+00:00
algaworks/curso-jpa-hibernate/,2024-04-09 20:44:03+00:00
algui91/grado_informatica_npi/,2024-04-11 22:34:05+00:00
alibaba/TrafficServer/,2024-02-22 02:13:05+00:00
amarh/openPLM/,2024-11-11 17:15:09+00:00
amidos2006/Automatic-Game-Script-Generation/,2024-01-11 22:23:44+00:00
amikey/android-open-project-analysis/,2024-08-06 07:42:01+00:00
amiq-consulting/svaunit/,2024-06-28 21:15:06+00:00
ampas/aces-dev/,2024-11-13 09:32:32+00:00
amperka/Espruino/,2024-06-07 11:38:05+00:00
ana-balica/ana-balica.github.io/,2024-09-14 10:09:17+00:00
AnalogDevicesLyricLabs/dimple/,2024-04-02 07:25:15+00:00
AndreMarvell/Uno/,2024-10-17 10:26:53+00:00
andrenho/luisavm/,2024-11-09 16:56:09+00:00
andrenho/newhope/,2024-11-09 16:42:44+00:00
andrenho/perminal/,2024-11-09 16:47:23+00:00
andresrosso/proyectogrado-docs/,2024-08-01 22:32:58+00:00
Andresteve07/FINAL_AyED/,2024-10-18 03:46:57+00:00
andrewlord1990/resonance-game/,2024-09-27 19:43:46+00:00
AndrewPonyk/JustForFunPROJECTS/,2024-06-20 23:55:32+00:00
android-cn/android-open-project-analysis/,2024-11-13 07:59:00+00:00
AnimalPlanet/pdf-to-mindmap-and-ppt-with-textrank/,2024-10-16 15:35:57+00:00
animatedb/oovaide/,2024-06-30 13:55:28+00:00
anosenzo/correctorDeParciales/,2023-12-28 04:03:07+00:00
antgerasim/NLayerAppV2/,2024-09-08 05:23:46+00:00
anthonycorbacho/Epitech_project/,2024-10-26 09:12:03+00:00
anycmd/anycmd/,2024-10-13 16:02:54+00:00
AOKP/frameworks_base_disabled/,2024-07-22 03:39:30+00:00
AOSPA/android_frameworks_base/,2024-10-29 14:43:07+00:00
apache/activemq-artemis/,2024-11-14 17:11:19+00:00
apache/batik/,2024-11-14 04:53:01+00:00
apache/brooklyn-docs/,2024-07-23 11:35:39+00:00
apache/clerezza/,2024-07-31 17:59:01+00:00
apache/click/,2024-10-07 04:28:28+00:00
apache/incubator-commonsrdf/,2024-11-11 14:29:56+00:00
apache/incubator-geode/,2024-11-13 11:42:28+00:00
apache/incubator-myriad/,2024-10-25 21:09:51+00:00
apache/isis/,2024-11-14 13:08:00+00:00
apache/jmeter/,2024-11-14 17:08:40+00:00
apache/karaf-site/,2024-06-06 03:59:26+00:00
apache/maven/,2024-11-13 19:27:04+00:00
apache/poi/,2024-11-14 12:42:07+00:00
apache/struts-archive/,2024-06-06 04:17:57+00:00
apache/tomee-site/,2024-06-06 04:10:40+00:00
apache/usergrid/,2024-10-27 04:18:51+00:00
apache/wicket/,2024-11-10 21:10:53+00:00
apache/zetacomponents/,2024-10-31 00:41:03+00:00
APIOps/apiops-model/,2024-07-19 09:56:08+00:00
aplgithub/haikudepotserver/,2024-11-09 13:06:22+00:00
APmoss/CribbageMobile/,2024-06-11 22:54:37+00:00
appirio-tech/topcoder-UML-Tool/,2024-10-15 02:14:58+00:00
apple/swift-clang/,2024-10-29 11:50:49+00:00
apple/swift-lldb/,2024-08-28 06:13:34+00:00
AppScale/sample-apps/,2024-07-05 08:25:30+00:00
apromore/ApromoreDev/,2024-03-02 12:33:34+00:00
arcadenea/rockbot/,2024-08-11 21:17:27+00:00
arcemu/arcemu/,2024-11-13 12:27:56+00:00
AresS31/distributed-chat/,2024-08-12 19:18:29+00:00
AresS31/GLPI/,2024-08-12 19:18:28+00:00
arey/java-object-mapper-benchmark/,2024-10-18 01:09:28+00:00
Aridane/underwater_map_construction/,2024-10-23 03:50:50+00:00
arnajib/ericssontracecompass/,2023-11-17 21:38:10+00:00
arthaud/raytracer/,2024-08-12 19:18:18+00:00
artifacthealth/typedoc-plantuml/,2024-08-12 10:50:37+00:00
asciidocfx/AsciidocFX/,2024-11-12 16:32:29+00:00
asciidoctor/asciidoctor.org/,2024-09-19 01:51:23+00:00
asciiphil/greenbutton-python/,2024-05-31 18:38:49+00:00
ashish1294/PersonalWebsite/,2024-07-30 11:16:50+00:00
askpt/ExpenseManager/,2024-07-23 13:42:43+00:00
askpt/LAPR3/,2024-07-23 13:47:22+00:00
askpt/LAPR4/,2024-07-23 13:50:36+00:00
asrob-uc3m/robotDevastation/,2024-03-21 11:01:47+00:00
asterisk/pjproject/,2024-10-29 14:10:51+00:00
athiasjerome/XORCISM/,2024-06-19 18:25:44+00:00
atlanmod/emfviews/,2023-12-20 11:55:08+00:00
atlanmod/fREX/,2024-02-18 07:57:07+00:00
atlanmod/mondo-atlzoo-benchmark/,2023-12-06 08:10:55+00:00
atoader/HilbertRTree/,2024-08-27 02:06:41+00:00
auchenberg/chrome-devtools-app/,2024-11-08 16:51:57+00:00
AudioCommons/audiocommons.github.io/,2024-06-27 13:58:14+00:00
audioscience/avdecc-lib/,2024-09-23 12:09:39+00:00
avdi/alter-ego/,2024-08-07 11:16:49+00:00
AzariasB/QTypingTest/,2024-11-07 14:13:12+00:00
Azure/azure-content/,2024-11-14 16:32:18+00:00
badqiu/rapid-framework/,2024-07-24 09:58:37+00:00
baidu/broc/,2024-10-25 16:02:35+00:00
barancev/java_pft/,2024-01-20 06:35:35+00:00
barnhill/BloodSpider/,2023-11-26 00:36:03+00:00
barrybecker4/bb4-simulations/,2024-11-12 18:15:25+00:00
bboecherer/SailingSchoolManagerWPF/,2024-05-31 14:24:14+00:00
BeatProgramming/teacher_tracker/,2024-01-11 03:45:34+00:00
benas/gamehub.io/,2024-08-12 19:15:14+00:00
benetech/Martus-Project/,2024-03-18 20:20:55+00:00
benfowler/dancing-links/,2024-11-04 17:40:37+00:00
benlau/quickandroid/,2024-10-29 10:45:14+00:00
benlau/quickflux/,2024-11-07 05:15:19+00:00
benmfaul/XRTB/,2024-05-17 07:27:22+00:00
bentearadu/UDS_Lear/,2024-05-31 20:37:46+00:00
BeQuietLee/bequietlee.github.io/,2024-05-27 12:20:41+00:00
beranradek/formio/,2024-06-16 04:53:11+00:00
berlinbrown/berlinbrown.github.com/,2024-09-20 07:53:52+00:00
berlinbrown/jvmnotebook/,2024-08-17 22:12:24+00:00
berlinbrown/openbotlist/,2024-08-17 22:11:57+00:00
Bernardo-MG/docs-bootstrap-template/,2024-09-17 18:50:57+00:00
bertiniteam/b2/,2024-10-27 02:19:39+00:00
bestplay9384/LTE-Sim-Simulator/,2024-03-16 15:53:15+00:00
BHITS/Consent2Share/,2024-03-12 12:41:14+00:00
bibekdahal/8085-simulator/,2024-08-08 16:59:42+00:00
BichonxD/laFac.com/,2024-07-17 15:38:40+00:00
BillKrat/Framework/,2024-11-09 23:50:51+00:00
bing-jian/gmmreg/,2024-10-11 08:07:34+00:00
biolab/orange3/,2024-11-14 14:43:58+00:00
Biomechanical-ToolKit/BTKCore/,2024-11-09 21:56:17+00:00
BirgPublicizer/Metabolomics-Analysis-Toolbox/,2024-03-13 05:29:51+00:00
bitsauce/OverworldGame/,2024-07-11 15:31:06+00:00
BKcore/JungleIN/,2024-01-11 10:15:19+00:00
blackberry/BB10-WebWorks-Community-Samples/,2023-11-29 06:51:31+00:00
blackberry/OGRE/,2023-12-08 05:58:50+00:00
BlissRoms/platform_frameworks_base/,2024-11-09 13:58:14+00:00
Bluerise/OpenBSD-src/,2024-07-14 21:44:36+00:00
bombmanual/bombmanual.github.io/,2024-03-17 20:58:57+00:00
boost-experimental/di/,2024-11-13 04:12:45+00:00
bootchk/pensool/,2024-08-27 18:42:08+00:00
borismus/smus.com/,2024-10-28 18:47:18+00:00
borman/phoneme-qtopia/,2024-11-03 10:35:55+00:00
bounswe/bounswe2015group9/,2024-04-09 10:32:39+00:00
bpmn-io/cmmn-moddle/,2024-02-14 08:30:56+00:00
braider/bluejam/,2024-05-22 21:02:35+00:00
brian-j-smith/Mamba.jl/,2024-11-08 05:34:15+00:00
briancain/Masters-Report/,2024-09-04 08:52:41+00:00
BrOrlandi/SFECommerce/,2024-05-29 18:28:04+00:00
bruceoutdoors/Intro-Design-Patterns-Cpp-Qt5/,2024-10-05 02:57:56+00:00
btpka3/btpka3.github.com/,2024-10-11 12:36:27+00:00
buke/openerp-doc/,2024-08-01 04:54:58+00:00
bundy-dns/bundy/,2024-04-20 15:15:21+00:00
cacheonix/cacheonix-core/,2024-08-24 13:49:53+00:00
caiofior/fioriechiavi.it/,2024-06-06 14:58:03+00:00
camsci/meteor-pi/,2024-06-17 02:53:28+00:00
can-eth-gw/can_eth_gw/,2024-09-17 21:36:33+00:00
Canadensys/narwhal-processor/,2023-11-29 01:10:31+00:00
carloslfu/blocklify/,2024-08-31 03:30:47+00:00
castrinho8/ATM_network_simulator/,2024-10-10 16:34:38+00:00
cazares/cazares.github.com/,2024-10-24 12:07:23+00:00
cbaatz/purescript-intro/,2024-06-18 20:27:11+00:00
cbardon/clementbardon.com/,2024-09-07 04:57:48+00:00
cbsrbiobank/biobank/,2024-02-15 19:05:49+00:00
ccompiler4pic32/pic32-gcc/,2024-09-05 15:38:44+00:00
cechrist/cardoon/,2023-12-12 07:22:06+00:00
cflowe/ACE/,2024-08-11 08:10:47+00:00
CGAL/cgal/,2024-11-14 13:17:55+00:00
chakrit/pjsip/,2024-02-06 13:51:04+00:00
chanjettplus/Chanjet.TP/,2024-01-08 16:03:06+00:00
chapuni/llvm-project/,2024-10-03 10:09:05+00:00
chastell/talks/,2024-11-12 15:13:38+00:00
cheyiliu/All-in-One/,2024-06-15 08:39:35+00:00
chibenwa/james-project/,2024-07-02 09:44:13+00:00
chiggs/UVM/,2024-08-30 08:53:52+00:00
Chinchilla-Software-Com/CQRS/,2024-11-07 16:20:49+00:00
chmduquesne/blog/,2024-08-24 22:54:14+00:00
ChrisCummins/pip-db/,2024-07-04 00:34:57+00:00
chrishowejones/presentations/,2024-05-01 09:59:18+00:00
chrissicool/l4openbsd/,2024-06-24 08:27:11+00:00
christianalfoni/EmptyBox/,2024-09-29 10:59:17+00:00
christiandt/Secure-Chat/,2024-03-29 18:08:50+00:00
christophd/citrus/,2024-11-13 13:46:32+00:00
chrisweb/freeMusic.zone/,2024-03-30 18:28:37+00:00
chuxi/chuxi.github.io/,2024-02-06 15:07:07+00:00
CingProject/Cing/,2024-05-17 03:44:18+00:00
CIRCL/bgp-ranking/,2024-10-08 02:18:07+00:00
cjferba/Poker/,2024-09-21 05:38:06+00:00
cjw-network/cjw_newsletter/,2024-01-09 23:24:13+00:00
ckaestne/CIDE/,2024-01-13 23:50:07+00:00
claeis/ili2db/,2024-11-03 19:52:19+00:00
claranobre/coffemachine/,2024-06-23 16:32:30+00:00
clbustos/PHP_Beautifier/,2024-02-29 22:52:33+00:00
cleinias/Homeo/,2023-11-23 16:45:54+00:00
clem1/segvault/,2024-08-12 19:19:09+00:00
clinical-meteor/cookbook/,2024-10-24 21:10:25+00:00
cliqz-oss/keyvi/,2024-08-19 05:54:02+00:00
cloudflare/gokeyless/,2024-11-12 17:55:22+00:00
cloudfoundry/docs-cloudfoundry-concepts/,2024-11-11 19:53:19+00:00
cloudfoundry/docs-dev-guide/,2024-11-01 20:15:21+00:00
cloudify-cosmo/getcloudify.org/,2024-07-25 15:07:52+00:00
CM-Huawei/Source_MT6582/,2024-09-30 09:55:30+00:00
cmoylan/dotfiles/,2024-10-18 15:43:11+00:00
Ryp/PSPgames/,2024-05-06 21:51:07+00:00
SafirSDK/safir-sdk-core/,2024-07-26 11:01:26+00:00
saki4510t/UVCCamera/,2024-11-13 02:53:57+00:00
samchen2009/android_uml/,2024-08-09 04:29:14+00:00
samueljero/snake/,2024-10-23 12:30:09+00:00
sangnvus/2015FALLJS01/,2024-08-23 01:41:48+00:00
sanjayankur31/bionav/,2024-04-07 18:55:09+00:00
santanche/java2learn/,2024-05-21 17:17:02+00:00
saravanacp/secureshareme/,2024-04-29 19:20:47+00:00
satbirkira/financeapp/,2024-01-29 17:47:02+00:00
Satius/qt5/,2024-08-25 01:25:32+00:00
savoirfairelinux/ring-daemon/,2024-11-12 22:04:41+00:00
sbhatore/SSAD46/,2024-07-10 12:01:23+00:00
SBR2015/ootalk/,2024-01-02 20:48:05+00:00
Scale-VerCors/VCEv4/,2024-10-29 10:54:49+00:00
schubergphilis/Seccubus_v2/,2024-11-12 05:26:03+00:00
SciAid/SciAid_desktop/,2024-07-21 05:02:30+00:00
scikit-beam/scikit-beam/,2024-07-23 05:05:39+00:00
scipy-conference/scipy_proceedings_2015/,2024-06-20 23:32:13+00:00
sculptor/sculptor.github.io/,2024-09-18 06:28:58+00:00
seba--/sugarj/,2024-05-06 08:00:59+00:00
sebastianbergmann/phpunit-documentation/,2023-11-17 06:58:22+00:00
sebastianrahtz/oxgarage/,2024-08-26 16:24:19+00:00
sebkopf/isoread/,2024-05-07 19:19:55+00:00
seblefevre/testerman/,2024-07-17 06:55:29+00:00
sebnil/Sketchy-Truck/,2024-08-16 23:15:07+00:00
seeburger-ag/jbossts/,2023-12-01 17:55:17+00:00
seedstack/seedstack.github.io/,2024-10-25 15:37:45+00:00
SeNDA-UAB/aDTNPlus/,2024-09-11 13:30:39+00:00
sequenceiq/cloudbreak-docs/,2023-11-27 23:01:09+00:00
SeqWare/seqware/,2024-08-21 18:55:54+00:00
seriesrenamer/seriesrenamer/,2024-02-25 12:12:57+00:00
sghiassy/Code-Reading-Book/,2024-06-08 03:45:56+00:00
shadowmick1/swtor-emu/,2024-07-24 23:26:08+00:00
shamanDevel/ProceduralTerrain/,2024-04-15 22:22:55+00:00
shangerxin/BookNotes/,2024-10-18 08:34:58+00:00
shigeya/omnetpp/,2024-09-16 20:16:20+00:00
shihyu/MyTool/,2024-09-07 10:47:15+00:00
ShipSoft/FairShip/,2024-11-14 09:54:02+00:00
shivajid/atlas/,2023-11-24 12:30:29+00:00
shnizelsh/halftoning-evaluator/,2024-01-17 17:10:02+00:00
shonenada/think-python/,2024-06-02 02:47:23+00:00
shopware/devdocs/,2024-11-04 22:46:45+00:00
showcheap/SiPUS/,2024-06-30 17:44:32+00:00
shreyasvalmiki/SEProject/,2023-12-06 05:04:17+00:00
shurcooL/eX0/,2024-09-14 01:27:20+00:00
siconos/siconos/,2024-10-28 16:47:00+00:00
Sidnioulz/SandboxThunar/,2024-10-18 07:27:42+00:00
sigasi/sigasi_insights/,2024-11-04 11:23:53+00:00
Signiant/CruiseControl/,2024-01-23 19:09:14+00:00
signove/antidote/,2024-05-03 10:23:47+00:00
sikoried/jstk/,2024-11-11 16:46:45+00:00
sillsdev/libpalaso/,2024-11-12 04:41:14+00:00
sillsdev/lift-standard/,2024-02-06 18:50:31+00:00
silnrsi/smith/,2024-11-11 23:19:27+00:00
simoc/csvjdbc/,2024-11-07 02:47:30+00:00
simple-android-framework/android_design_patterns_analysis/,2024-11-12 11:19:25+00:00
SimVascular/simvascular.github.io/,2024-11-07 06:40:20+00:00
SINTEF-9012/ThingML/,2024-10-07 04:57:42+00:00
SINTEF-SIT/project_gravity/,2024-03-09 07:57:53+00:00
SINTEFMedtek/CustusX/,2024-11-04 16:38:50+00:00
sipsorcery/sipsorcery/,2024-11-14 14:10:51+00:00
sipXtapi/sipXtapi/,2024-05-11 01:06:47+00:00
sirrice/6092/,2024-09-06 08:02:40+00:00
sitkatech/miradi-client/,2024-08-08 16:59:10+00:00
siwiwit/bpmn2soaml/,2024-02-20 02:43:44+00:00
SixByNine/pulsarhunter/,2024-08-26 10:00:43+00:00
SixK/CC1101-X2D-Heaters/,2023-12-06 22:25:44+00:00
skarllot/magmanager/,2024-01-26 01:06:15+00:00
skarpenko/cwtlib/,2024-04-01 14:35:02+00:00
skython/eXe/,2023-12-25 11:33:33+00:00
slebok/zoo/,2024-08-08 01:53:27+00:00
SleeplessByte/programming-life/,2024-09-12 13:45:00+00:00
SlimRoms/frameworks_base/,2024-09-17 19:29:10+00:00
slopezv2/Maya-Calendar/,2024-08-18 14:29:44+00:00
slowli/software-engineering-lectures/,2023-11-29 11:35:07+00:00
slvrgauthier/OpenSculpt/,2024-02-18 19:16:10+00:00
smallnest/smallnest.github.io/,2024-10-27 03:52:24+00:00
smart-conn/alljoyn-zh/,2024-03-14 07:27:02+00:00
smartdevicelink/sdl_core/,2024-10-08 03:48:05+00:00
smartdevicelink/sdl_server/,2024-03-04 21:08:06+00:00
SnowFox108/NexusCore3/,2024-06-19 10:24:00+00:00
snowplow/snowplow.github.com/,2024-07-30 10:55:01+00:00
soapower/soapower/,2024-01-25 06:05:15+00:00
SOM-Research/EMFtoCSP/,2024-03-02 15:45:08+00:00
SonarSource/sonar-java/,2024-11-14 16:49:45+00:00
SonarSource/sonar-maven/,2024-11-08 10:13:54+00:00
SonarSource/sonarqube/,2024-11-14 14:18:55+00:00
sones/sones/,2024-11-12 20:04:40+00:00
sountex/COPTD/,2024-07-02 07:47:54+00:00
SparklineData/spark-druid-olap/,2024-09-23 11:25:01+00:00
sparkslabs/kamaelia/,2024-09-02 22:24:12+00:00
spcs/synaps/,2024-08-31 00:54:47+00:00
SPDLDaemon/spdldaemon.github.io/,2024-06-21 19:25:37+00:00
SpineEventEngine/core-java/,2024-11-11 16:44:20+00:00
spiral/guide/,2024-09-02 08:37:08+00:00
Splamy/TS3AudioBot/,2024-11-14 13:01:16+00:00
SpoonLabs/astor/,2024-11-13 08:36:13+00:00
spring-projects/spring-batch/,2024-11-14 05:25:06+00:00
spring-projects/spring-framework/,2024-11-14 16:54:44+00:00
spring-projects/spring-net/,2024-11-06 04:08:08+00:00
sprossiter/JSIT/,2024-08-26 23:12:56+00:00
SquareBracketAssociates/PharoMooc/,2024-09-21 15:05:58+00:00
srgblnch/python-pylon/,2024-01-24 03:45:04+00:00
sriram-mahavadi/extlp/,2024-04-26 05:27:19+00:00
sshum/bcit-courses/,2024-09-25 17:39:34+00:00
sslab-gatech/juxta/,2024-09-03 13:23:09+00:00
ssorj/transom/,2024-11-14 16:26:03+00:00
st4sik/Lab_1/,2024-02-06 15:06:27+00:00
stanislav-web/Searcher/,2023-12-22 03:36:54+00:00
Star2Billing/a2billing/,2024-11-11 21:14:22+00:00
Starlink/starjava/,2024-11-08 10:36:09+00:00
start-x/relatorio/,2024-11-07 00:02:54+00:00
starviewer-medical/starviewer/,2024-11-12 12:51:15+00:00
stateforge/StateBuilder/,2024-04-02 06:19:28+00:00
statismo/statismo/,2024-11-02 12:32:09+00:00
stcarrez/ada-util/,2024-11-11 16:16:10+00:00
stcarrez/dynamo/,2024-10-13 17:58:04+00:00
Stealth80/NickHollis/,2023-12-07 01:55:40+00:00
steedos/odoo8/,2023-11-19 20:13:11+00:00
stefan-ka/stefan-ka.github.io/,2024-06-19 08:23:45+00:00
stefanmuenchow/Smart-Collections/,2024-03-31 14:11:51+00:00
stefanobettinelli/DLA-simulations/,2024-07-31 22:15:47+00:00
stefanoborini/modelviewcontroller-src/,2024-07-16 04:51:11+00:00
Stefku/intellij-reference-diagram/,2024-11-14 12:13:33+00:00
stephanhoekstra/clean-architecture/,2024-10-21 09:53:10+00:00
Steve132/pfstools/,2024-01-23 14:46:29+00:00
stevenalexander/docker-authentication-authorisation/,2024-08-22 01:27:50+00:00
stoyanr/Evictor/,2024-09-03 06:07:48+00:00
streambuf/recognition_numbers/,2024-04-16 11:26:55+00:00
stritti/log4js/,2024-10-25 17:21:56+00:00
strongloop/strong-arc/,2024-10-29 11:16:00+00:00
StuartGordonReid/r4nd0m/,2024-04-07 23:30:40+00:00
stupidisum/stupidisum.github.io/,2024-11-04 04:06:54+00:00
stxxl/website/,2024-05-17 16:41:38+00:00
suan/mirlite/,2024-06-04 11:05:44+00:00
suavecode/SUAVE/,2024-11-13 14:01:05+00:00
sumdog/assignments/,2024-10-17 02:46:02+00:00
sungsoo/sungsoo.github.com/,2024-11-14 04:32:33+00:00
sunnypatel/Classwork/,2024-08-22 22:38:19+00:00
SuppenGeist/pse-ws1516-videoencoder-ta/,2023-12-15 18:41:53+00:00
surki/hipl/,2024-10-25 03:10:39+00:00
svn2github/pjsip/,2024-08-29 12:21:52+00:00
svstuff/systemverilog/,2024-09-28 22:23:17+00:00
swissbib/sbvf2/,2024-08-09 05:35:00+00:00
swmuir/fhims/,2024-10-31 12:35:57+00:00
symfony-cmf/symfony-cmf-docs/,2024-01-29 11:15:22+00:00
symfony/symfony1-docs/,2024-11-03 23:17:58+00:00
synrc/n2o/,2024-11-13 10:37:36+00:00
SysMLModelicaIntegration/edu.ufc.femtost.disc.sysml2modelica/,2024-08-01 09:35:39+00:00
taichi/umlbot/,2024-08-16 12:24:30+00:00
tanure/ExemploMVP/,2024-01-16 12:38:06+00:00
tarbrain/TBStateMachine/,2024-02-13 10:47:56+00:00
Tatwi/legend-of-hondo/,2024-04-25 22:51:40+00:00
tazzledazzle/UW-CSS/,2024-03-02 12:42:33+00:00
tcs-ulli/fpvectorial/,2024-10-02 11:08:07+00:00
TeamDev-Ltd/OpenFaces/,2023-12-19 11:15:22+00:00
TeamPTTKPM/WindowPhone/,2024-06-18 09:56:58+00:00
TeamSPoon/PrologMUD/,2024-04-02 00:51:39+00:00
TeamW/Sports-Elimination-TP3/,2023-12-10 21:09:03+00:00
tehtechguy/mHTM/,2024-10-06 17:46:53+00:00
telefonicaid/fiware-cygnus/,2024-11-14 15:56:33+00:00
telefonicaid/perseo-core/,2024-09-30 11:42:25+00:00
telldus/telldus/,2024-09-09 12:44:16+00:00
terasolunaorg/terasolunaorg.github.com/,2024-09-14 02:13:09+00:00
terrameta/plasma/,2024-06-14 20:07:04+00:00
TestingTechnologies/TTmodeler/,2024-05-01 09:49:19+00:00
textlint/textlint/,2024-11-12 02:04:52+00:00
TGM-HIT/protocols/,2024-10-11 16:49:09+00:00
thalerjonathan/Masterthesis/,2024-08-31 06:40:34+00:00
the-butterfly-effect/tbe/,2024-11-13 18:38:24+00:00
the-virtual-brain/tvb-library/,2024-07-16 03:28:13+00:00
the-virtual-brain/tvb-pin-paper/,2024-07-16 03:37:54+00:00
Theadd/juced/,2023-12-11 09:51:16+00:00
TheAnswer/Core3/,2024-11-14 05:21:34+00:00
TheAxeC/AxeSki/,2024-07-09 08:39:35+00:00
theforeman/hammer-cli/,2024-11-14 14:55:44+00:00
TheJeremyGray/FileWatcherService/,2024-08-01 13:59:05+00:00
theodore-norvell/the-teaching-machine-and-webwriter/,2024-01-13 23:54:22+00:00
thethythy/Mnemopwd/,2024-06-13 13:39:13+00:00
thexa4/perfectpong/,2024-10-15 01:08:22+00:00
thinkingl/thinkingl-code-lib/,2024-10-08 09:13:55+00:00
thinkingmedia/find2cards/,2024-03-31 20:41:55+00:00
thirtythreeforty/pikyak/,2024-08-16 02:53:24+00:00
thomas-maeder/popeye/,2024-08-28 22:58:24+00:00
thomsmits/markdown-tools/,2024-09-24 19:45:06+00:00
threetee/ruote-rails-example/,2024-02-21 09:44:19+00:00
thuandt/final_project/,2024-09-14 18:19:15+00:00
TiBeN/Framework/,2024-04-25 09:37:10+00:00
tiberiusferreira/VilmaProject/,2024-06-03 22:24:46+00:00
tiku01/oryx-editor/,2024-05-15 11:18:09+00:00
tildedave/davehking.com/,2024-09-10 18:53:23+00:00
TimLethbridge/umple/,2024-11-14 12:57:44+00:00
timmwagener/tw_cloth_solver/,2023-12-15 09:04:50+00:00
timolson/cointrader/,2024-11-09 17:59:10+00:00
tine20/Tine-2.0-Open-Source-Groupware-and-CRM/,2024-11-02 18:58:52+00:00
tk-codes/uno/,2024-11-08 23:20:12+00:00
tlgimenes/X-CubeSat/,2024-02-12 10:18:50+00:00
tlin-fei/ds4p/,2024-01-13 23:52:04+00:00
tmtxt/tmtxt.github.com/,2024-10-25 00:24:06+00:00
toanqc/familydoctor/,2024-05-03 13:32:54+00:00
Todd-Davies/second-year-notes/,2024-06-02 04:31:22+00:00
TomasMikula/tomasmikula.github.io/,2024-11-08 13:01:54+00:00
TomLefley/Dissertation/,2024-05-08 13:13:07+00:00
tonyrog/canopen/,2023-11-22 23:35:40+00:00
tonystone/geofeatures/,2023-12-04 06:40:30+00:00
tourdedave/elemental-selenium-tips/,2024-05-18 08:18:30+00:00
toutpt/collective.trainingmanual/,2024-03-29 16:08:48+00:00
tracecompass/tracecompass/,2024-08-27 02:35:09+00:00
traitify/traitify-php/,2024-04-27 12:14:35+00:00
treble-snake/gson.dwarves/,2024-08-07 14:41:32+00:00
Trench-Wars/twcore/,2024-08-29 00:00:36+00:00
trungdq88/insurance-card/,2024-11-04 15:04:13+00:00
trustathsh/tnc-fhh/,2024-10-18 07:50:11+00:00
tsantalis/RefactoringMiner/,2024-11-14 17:03:01+00:00
tuomas2/automate/,2024-11-07 09:02:56+00:00
tupilabs/tap4j/,2024-05-14 06:59:04+00:00
TYPO3-Documentation/TYPO3CMS-Reference-CoreApi/,2024-11-15 08:23:19+00:00
ua-eas/ua-rice-2.1.9/,2024-03-14 23:47:33+00:00
UCLGuichard/SocialForceModel/,2024-09-26 12:14:36+00:00
UESTC-ACM/CDOJ/,2024-08-24 02:05:18+00:00
uhhpctools/openuh/,2024-06-08 12:14:36+00:00
uin3566/GoBang/,2024-10-21 19:20:58+00:00
ujhelyiz/EMF-IncQuery-Examples/,2024-04-22 16:11:05+00:00
Ultimaker/Uranium/,2024-11-07 08:45:37+00:00
umple/umple/,2024-11-13 14:36:32+00:00
UmSenhorQualquer/pyforms/,2024-11-12 11:57:31+00:00
UmSenhorQualquer/pythonVideoAnnotator/,2024-10-11 05:54:39+00:00
UMWRG/pynsim/,2024-09-16 21:36:45+00:00
UnboundID/ldapsdk/,2024-11-13 22:03:09+00:00
unconed/MathBox.js/,2024-11-08 09:55:36+00:00
Unidata/awips2/,2024-11-14 08:16:50+00:00
Unidata/netcdf-c/,2024-11-14 19:48:53+00:00
Unidata/thredds/,2024-09-30 09:02:00+00:00
universAAL/applications/,2024-04-09 07:27:46+00:00
universAAL/ontology/,2024-09-06 05:54:56+00:00
unknown-horizons/unknown-horizons/,2024-11-12 20:23:59+00:00
unl/UNL_UCBCN_System/,2024-09-17 13:43:05+00:00
unnikkedtk/unnikkedtk.github.io/,2024-06-03 15:02:43+00:00
urielbautista/dev/,2024-04-14 01:03:38+00:00
UrsZeidler/uml2solidity/,2024-04-17 16:03:40+00:00
utkuaydin/marble/,2024-01-10 19:59:40+00:00
utn-frm-si/reservas/,2024-08-28 12:29:03+00:00
uts-magic-lab/Magiks/,2024-08-13 05:16:35+00:00
UV-CDAT/uvcdat-site/,2024-11-04 21:56:15+00:00
UWARG/docs/,2024-01-06 20:36:16+00:00
uwescience/myria/,2024-10-30 20:06:22+00:00
uwitec/supermarket-management-system-lx/,2024-06-15 06:36:45+00:00
uzh/gc3pie/,2024-05-16 17:28:23+00:00
Vaa3D/vaa3d_tools/,2024-07-03 14:26:51+00:00
ValentinMinder/CirculationMediator/,2024-05-02 14:47:54+00:00
vanburg/ru/,2024-10-08 15:48:08+00:00
vargax/ejemplos/,2024-09-15 20:03:03+00:00
varnish/zipnish/,2024-07-06 11:19:05+00:00
Vauxoo/odoo-venezuela/,2024-02-17 15:57:38+00:00
Vdragon/NTOU_CPP_Lab_Opensource_Project/,2024-03-19 13:36:53+00:00
venam/blog/,2024-09-09 06:35:06+00:00
Vhaos/Kinect-BodyScanner/,2024-08-02 08:52:24+00:00
vibolyoeung/psarnetwork/,2024-08-30 07:28:13+00:00
vicrucann/dura-europos-insitu/,2024-11-12 13:12:59+00:00
vigilate/labeip/,2024-08-27 08:06:47+00:00
vijayakumarsuraj/UIAutomation/,2024-09-05 07:39:03+00:00
vilnius/vilnius-carpool/,2024-10-27 05:13:49+00:00
vimaier/conqat/,2024-06-26 16:58:46+00:00
vincentfung13/TwitterRepManagement/,2024-01-19 06:00:28+00:00
virgo47/restful-spring-security/,2024-10-21 01:49:51+00:00
vitaut/vitaut.github.io/,2024-11-02 14:54:34+00:00
vitormota/AIAD_TP01/,2024-02-26 22:34:19+00:00
vlead/dataservice/,2024-01-16 06:27:15+00:00
vogellacompany/vogella/,2024-11-06 14:07:56+00:00
vonSchmidt/ConnectFour/,2024-05-13 01:56:20+00:00
vrobic/comptes/,2024-10-08 17:21:07+00:00
vulfgang/coursework-kitten/,2024-10-11 08:11:52+00:00
w3c/aria/,2024-11-15 04:59:46+00:00
w3c/data-shapes/,2024-08-02 14:17:54+00:00
w3c/push-api/,2024-09-17 06:21:24+00:00
wagnerjs/SIGAR/,2024-06-04 17:39:29+00:00
wakaleo/game-of-life/,2024-11-12 11:04:29+00:00
wamp-proto/wamp-proto/,2024-11-11 15:06:10+00:00
WandererFan/FreeCAD-TechDraw/,2024-06-06 10:06:04+00:00
wanghaisheng/fhir-in-action/,2024-08-22 12:57:56+00:00
wangkuiwu/wangkuiwu.github.io/,2024-07-06 09:02:06+00:00
wasadigi/Teaching-HEIGVD-RES/,2024-06-24 21:30:48+00:00
wazuh/wazuh-documentation/,2024-11-14 23:20:13+00:00
web-development/web-development.github.com/,2024-11-04 20:30:25+00:00
webfactory/content-mapping/,2024-09-04 13:53:31+00:00
webgme/sysml/,2024-07-13 18:09:23+00:00
webpack/react-starter/,2024-10-25 09:44:45+00:00
websauna/websauna/,2024-03-28 13:39:18+00:00
wenxueliu/draft/,2024-04-03 04:00:58+00:00
wesen/nmedit/,2024-05-22 09:01:16+00:00
Whissi/shorewall/,2023-12-10 05:57:01+00:00
whs/ske11-lecture/,2024-08-21 02:23:52+00:00
WICG/paymentrequest/,2024-04-20 12:47:53+00:00
williballenthin/williballenthin.com/,2024-10-09 13:48:40+00:00
wimleers/sudoku/,2024-10-27 10:25:49+00:00
WinToosa/mobilelogger/,2024-09-11 09:49:13+00:00
wjw465150/Pro-Git-Chinese/,2024-05-28 04:13:03+00:00
wolandscat/EOMF/,2024-10-08 00:35:00+00:00
wooknight/phpcallgraph/,2024-11-14 12:20:17+00:00
WouterJ/wouterj.github.com/,2024-09-14 13:53:45+00:00
wp-plugins/richtexteditor/,2024-03-01 14:57:10+00:00
wristware/iso8583/,2023-11-27 20:23:59+00:00
wro4j/wro4j-examples/,2024-10-30 12:00:38+00:00
wseltzer/torweb/,2024-05-21 19:58:14+00:00
wso2/charon/,2024-11-06 06:58:09+00:00
wwivbbs/wwiv/,2024-11-02 15:11:04+00:00
wwj718/wwj718.github.io/,2024-11-14 06:45:00+00:00
wyon/note/,2024-08-23 06:52:12+00:00
xen2/SharpLang/,2024-10-18 19:10:08+00:00
xenodium/xenodium.github.io/,2024-11-13 13:22:10+00:00
