Project,Last_Activity,Contributors,Stargazers
4dnucleome/cog-abm/,2024-08-09 17:24:23+00:00,3.0,6.0
Aapzu/super-duper-pentago/,2024-04-24 19:13:20+00:00,2.0,0.0
aarondunn/bugkick/,2024-01-10 13:58:30+00:00,6.0,118.0
abarbour/psd/,2023-12-22 22:40:16+00:00,2.0,9.0
abego/treelayout/,2024-09-12 04:35:38+00:00,2.0,92.0
AbelianGroupInc/LmInterpreter/,2024-03-28 23:08:29+00:00,2.0,1.0
abhagupta/codepath-uber-clone/,2023-12-16 07:46:09+00:00,2.0,16.0
abreitenfeld/QCrystalTile/,2024-03-19 11:37:18+00:00,5.0,1.0
abstratt/cloudfier/,2024-01-13 23:52:53+00:00,3.0,22.0
abulka/pynsource/,2024-11-09 15:06:43+00:00,4.0,287.0
accord-net/framework/,2024-11-13 10:34:44+00:00,30.0,4491.0
ackepenek/HavayoluSirketSistemi/,2024-03-21 05:08:02+00:00,2.0,3.0
acmeair/acmeair/,2024-03-31 14:13:44+00:00,2.0,134.0
ACS-Community/ACS/,2024-07-11 00:13:10+00:00,7.0,28.0
Activiti/Activiti/,2024-11-14 15:17:38+00:00,30.0,10111.0
adanselm/adanselm.github.io/,2024-05-30 12:42:39+00:00,2.0,0.0
adisandro/MMINT/,2024-10-14 16:04:13+00:00,6.0,16.0
adityaapte/CERR/,2024-11-06 14:09:43+00:00,7.0,192.0
AdmiralSam/FinalProject/,2024-02-06 15:08:17+00:00,3.0,0.0
adngdb/fightly-game-engine/,2024-11-01 01:14:12+00:00,4.0,31.0
aegif/NemakiWare/,2024-07-18 08:36:58+00:00,6.0,53.0
AGProjects/python-sipsimple/,2024-11-01 12:23:35+00:00,7.0,323.0
AKerr94/OFCP-AI/,2024-06-23 20:26:25+00:00,2.0,7.0
akigupta131/omdm/,2024-08-27 05:35:12+00:00,2.0,2.0
al2wyw/sourceCode_utilityDemo_designPattern/,2024-11-04 08:54:58+00:00,2.0,0.0
algaworks/curso-fundamentos-java-e-orientacao-a-objetos/,2024-07-17 13:45:16+00:00,2.0,65.0
alibaba/TrafficServer/,2024-02-22 02:13:05+00:00,21.0,102.0
amikey/android-open-project-analysis/,2024-08-06 07:42:01+00:00,30.0,1.0
ampas/aces-dev/,2024-11-13 09:32:32+00:00,9.0,769.0
amperka/Espruino/,2024-06-07 11:38:05+00:00,30.0,11.0
ana-balica/ana-balica.github.io/,2024-09-14 10:09:17+00:00,3.0,1.0
AnalogDevicesLyricLabs/dimple/,2024-04-02 07:25:15+00:00,4.0,80.0
AndrewPonyk/JustForFunPROJECTS/,2024-06-20 23:55:32+00:00,2.0,4.0
android-cn/android-open-project-analysis/,2024-11-13 07:59:00+00:00,30.0,6625.0
AnimalPlanet/pdf-to-mindmap-and-ppt-with-textrank/,2024-10-16 15:35:57+00:00,2.0,3.0
AOKP/frameworks_base_disabled/,2024-07-22 03:39:30+00:00,30.0,93.0
AOSPA/android_frameworks_base/,2024-10-29 14:43:07+00:00,19.0,0.0
apache/activemq-artemis/,2024-11-14 17:11:19+00:00,30.0,947.0
apache/batik/,2024-11-14 04:53:01+00:00,6.0,215.0
apache/brooklyn-docs/,2024-07-23 11:35:39+00:00,30.0,10.0
apache/clerezza/,2024-07-31 17:59:01+00:00,12.0,36.0
apache/click/,2024-10-07 04:28:28+00:00,4.0,14.0
apache/incubator-commonsrdf/,2024-11-11 14:29:56+00:00,16.0,45.0
apache/incubator-geode/,2024-11-13 11:42:28+00:00,30.0,2289.0
apache/incubator-myriad/,2024-10-25 21:09:51+00:00,28.0,155.0
apache/isis/,2024-11-14 13:08:00+00:00,30.0,852.0
apache/jmeter/,2024-11-14 17:08:40+00:00,30.0,8406.0
apache/karaf-site/,2024-06-06 03:59:26+00:00,21.0,6.0
apache/maven/,2024-11-13 19:27:04+00:00,30.0,4361.0
apache/poi/,2024-11-14 12:42:07+00:00,14.0,1953.0
apache/struts-archive/,2024-06-06 04:17:57+00:00,8.0,1.0
apache/tomee-site/,2024-06-06 04:10:40+00:00,9.0,1.0
apache/usergrid/,2024-10-27 04:18:51+00:00,30.0,990.0
apache/wicket/,2024-11-10 21:10:53+00:00,30.0,739.0
aplgithub/haikudepotserver/,2024-11-09 13:06:22+00:00,17.0,18.0
appirio-tech/topcoder-UML-Tool/,2024-10-15 02:14:58+00:00,3.0,214.0
apple/swift-clang/,2024-10-29 11:50:49+00:00,30.0,673.0
apple/swift-lldb/,2024-08-28 06:13:34+00:00,30.0,674.0
AppScale/sample-apps/,2024-07-05 08:25:30+00:00,8.0,21.0
apromore/ApromoreDev/,2024-03-02 12:33:34+00:00,4.0,2.0
arcadenea/rockbot/,2024-08-11 21:17:27+00:00,2.0,5.0
arcemu/arcemu/,2024-11-13 12:27:56+00:00,15.0,361.0
arey/java-object-mapper-benchmark/,2024-10-18 01:09:28+00:00,8.0,288.0
arnajib/ericssontracecompass/,2023-11-17 21:38:10+00:00,30.0,1.0
arthaud/raytracer/,2024-08-12 19:18:18+00:00,3.0,0.0
asciidocfx/AsciidocFX/,2024-11-12 16:32:29+00:00,25.0,1908.0
asciidoctor/asciidoctor.org/,2024-09-19 01:51:23+00:00,30.0,323.0
askpt/LAPR3/,2024-07-23 13:47:22+00:00,4.0,0.0
askpt/LAPR4/,2024-07-23 13:50:36+00:00,4.0,0.0
asrob-uc3m/robotDevastation/,2024-03-21 11:01:47+00:00,4.0,9.0
asterisk/pjproject/,2024-10-29 14:10:51+00:00,30.0,6.0
atlanmod/emfviews/,2023-12-20 11:55:08+00:00,6.0,15.0
atlanmod/mondo-atlzoo-benchmark/,2023-12-06 08:10:55+00:00,5.0,4.0
auchenberg/chrome-devtools-app/,2024-11-08 16:51:57+00:00,6.0,1578.0
AudioCommons/audiocommons.github.io/,2024-06-27 13:58:14+00:00,10.0,1.0
audioscience/avdecc-lib/,2024-09-23 12:09:39+00:00,8.0,79.0
avdi/alter-ego/,2024-08-07 11:16:49+00:00,3.0,56.0
AzariasB/QTypingTest/,2024-11-07 14:13:12+00:00,2.0,14.0
Azure/azure-content/,2024-11-14 16:32:18+00:00,14068.0,10282.0
baidu/broc/,2024-10-25 16:02:35+00:00,4.0,100.0
bboecherer/SailingSchoolManagerWPF/,2024-05-31 14:24:14+00:00,4.0,0.0
BeatProgramming/teacher_tracker/,2024-01-11 03:45:34+00:00,3.0,3.0
benas/gamehub.io/,2024-08-12 19:15:14+00:00,4.0,619.0
benetech/Martus-Project/,2024-03-18 20:20:55+00:00,3.0,15.0
benlau/quickandroid/,2024-10-29 10:45:14+00:00,3.0,236.0
benlau/quickflux/,2024-11-07 05:15:19+00:00,7.0,329.0
beranradek/formio/,2024-06-16 04:53:11+00:00,4.0,26.0
bertiniteam/b2/,2024-10-27 02:19:39+00:00,8.0,93.0
BHITS/Consent2Share/,2024-03-12 12:41:14+00:00,9.0,40.0
BichonxD/laFac.com/,2024-07-17 15:38:40+00:00,4.0,0.0
biolab/orange3/,2024-11-14 14:43:58+00:00,30.0,4872.0
Biomechanical-ToolKit/BTKCore/,2024-11-09 21:56:17+00:00,4.0,79.0
bitsauce/OverworldGame/,2024-07-11 15:31:06+00:00,2.0,5.0
blackberry/BB10-WebWorks-Community-Samples/,2023-11-29 06:51:31+00:00,18.0,44.0
blackberry/OGRE/,2023-12-08 05:58:50+00:00,4.0,21.0
BlissRoms/platform_frameworks_base/,2024-11-09 13:58:14+00:00,1780.0,18.0
Bluerise/OpenBSD-src/,2024-07-14 21:44:36+00:00,30.0,0.0
bombmanual/bombmanual.github.io/,2024-03-17 20:58:57+00:00,24.0,52.0
boost-experimental/di/,2024-11-13 04:12:45+00:00,21.0,1169.0
borman/phoneme-qtopia/,2024-11-03 10:35:55+00:00,2.0,11.0
bounswe/bounswe2015group9/,2024-04-09 10:32:39+00:00,12.0,0.0
bpmn-io/cmmn-moddle/,2024-02-14 08:30:56+00:00,3.0,1.0
brian-j-smith/Mamba.jl/,2024-11-08 05:34:15+00:00,12.0,255.0
BrOrlandi/SFECommerce/,2024-05-29 18:28:04+00:00,3.0,15.0
buke/openerp-doc/,2024-08-01 04:54:58+00:00,30.0,148.0
bundy-dns/bundy/,2024-04-20 15:15:21+00:00,28.0,136.0
cacheonix/cacheonix-core/,2024-08-24 13:49:53+00:00,2.0,52.0
camsci/meteor-pi/,2024-06-17 02:53:28+00:00,2.0,7.0
Canadensys/narwhal-processor/,2023-11-29 01:10:31+00:00,5.0,6.0
cbsrbiobank/biobank/,2024-02-15 19:05:49+00:00,8.0,20.0
CGAL/cgal/,2024-11-14 13:17:55+00:00,30.0,4988.0
chanjettplus/Chanjet.TP/,2024-01-08 16:03:06+00:00,4.0,1.0
chapuni/llvm-project/,2024-10-03 10:09:05+00:00,30.0,0.0
chastell/talks/,2024-11-12 15:13:38+00:00,4.0,3.0
chibenwa/james-project/,2024-07-02 09:44:13+00:00,30.0,4.0
chiggs/UVM/,2024-08-30 08:53:52+00:00,11.0,32.0
Chinchilla-Software-Com/CQRS/,2024-11-07 16:20:49+00:00,8.0,348.0
chrissicool/l4openbsd/,2024-06-24 08:27:11+00:00,2.0,17.0
christianalfoni/EmptyBox/,2024-09-29 10:59:17+00:00,3.0,210.0
christiandt/Secure-Chat/,2024-03-29 18:08:50+00:00,2.0,8.0
christophd/citrus/,2024-11-13 13:46:32+00:00,30.0,459.0
chrisweb/freeMusic.zone/,2024-03-30 18:28:37+00:00,2.0,7.0
CingProject/Cing/,2024-05-17 03:44:18+00:00,7.0,11.0
CIRCL/bgp-ranking/,2024-10-08 02:18:07+00:00,4.0,105.0
cjw-network/cjw_newsletter/,2024-01-09 23:24:13+00:00,2.0,17.0
claeis/ili2db/,2024-11-03 19:52:19+00:00,18.0,30.0
clbustos/PHP_Beautifier/,2024-02-29 22:52:33+00:00,5.0,107.0
clinical-meteor/cookbook/,2024-10-24 21:10:25+00:00,30.0,1675.0
cliqz-oss/keyvi/,2024-08-19 05:54:02+00:00,7.0,179.0
cloudflare/gokeyless/,2024-11-12 17:55:22+00:00,27.0,472.0
cloudfoundry/docs-cloudfoundry-concepts/,2024-11-11 19:53:19+00:00,30.0,42.0
cloudfoundry/docs-dev-guide/,2024-11-01 20:15:21+00:00,30.0,39.0
cloudify-cosmo/getcloudify.org/,2024-07-25 15:07:52+00:00,30.0,25.0
SafirSDK/safir-sdk-core/,2024-07-26 11:01:26+00:00,5.0,9.0
saki4510t/UVCCamera/,2024-11-13 02:53:57+00:00,7.0,3018.0
samueljero/snake/,2024-10-23 12:30:09+00:00,30.0,14.0
sangnvus/2015FALLJS01/,2024-08-23 01:41:48+00:00,4.0,0.0
santanche/java2learn/,2024-05-21 17:17:02+00:00,3.0,32.0
satbirkira/financeapp/,2024-01-29 17:47:02+00:00,3.0,4.0
savoirfairelinux/ring-daemon/,2024-11-12 22:04:41+00:00,30.0,144.0
sbhatore/SSAD46/,2024-07-10 12:01:23+00:00,5.0,1.0
SBR2015/ootalk/,2024-01-02 20:48:05+00:00,9.0,2.0
schubergphilis/Seccubus_v2/,2024-11-12 05:26:03+00:00,16.0,696.0
SciAid/SciAid_desktop/,2024-07-21 05:02:30+00:00,3.0,91.0
scikit-beam/scikit-beam/,2024-07-23 05:05:39+00:00,27.0,93.0
scipy-conference/scipy_proceedings_2015/,2024-06-20 23:32:13+00:00,30.0,8.0
sculptor/sculptor.github.io/,2024-09-18 06:28:58+00:00,30.0,1.0
seba--/sugarj/,2024-05-06 08:00:59+00:00,6.0,39.0
sebastianbergmann/phpunit-documentation/,2023-11-17 06:58:22+00:00,30.0,189.0
sebastianrahtz/oxgarage/,2024-08-26 16:24:19+00:00,3.0,54.0
sebkopf/isoread/,2024-05-07 19:19:55+00:00,2.0,4.0
seblefevre/testerman/,2024-07-17 06:55:29+00:00,3.0,11.0
sebnil/Sketchy-Truck/,2024-08-16 23:15:07+00:00,4.0,29.0
seeburger-ag/jbossts/,2023-12-01 17:55:17+00:00,3.0,0.0
SeNDA-UAB/aDTNPlus/,2024-09-11 13:30:39+00:00,3.0,4.0
sequenceiq/cloudbreak-docs/,2023-11-27 23:01:09+00:00,17.0,0.0
SeqWare/seqware/,2024-08-21 18:55:54+00:00,18.0,27.0
seriesrenamer/seriesrenamer/,2024-02-25 12:12:57+00:00,4.0,2.0
shamanDevel/ProceduralTerrain/,2024-04-15 22:22:55+00:00,2.0,16.0
shihyu/MyTool/,2024-09-07 10:47:15+00:00,2.0,32.0
ShipSoft/FairShip/,2024-11-14 09:54:02+00:00,30.0,23.0
shopware/devdocs/,2024-11-04 22:46:45+00:00,30.0,137.0
showcheap/SiPUS/,2024-06-30 17:44:32+00:00,3.0,12.0
shreyasvalmiki/SEProject/,2023-12-06 05:04:17+00:00,3.0,1.0
siconos/siconos/,2024-10-28 16:47:00+00:00,12.0,162.0
Sidnioulz/SandboxThunar/,2024-10-18 07:27:42+00:00,30.0,0.0
sigasi/sigasi_insights/,2024-11-04 11:23:53+00:00,11.0,2.0
Signiant/CruiseControl/,2024-01-23 19:09:14+00:00,2.0,83.0
signove/antidote/,2024-05-03 10:23:47+00:00,3.0,48.0
sillsdev/libpalaso/,2024-11-12 04:41:14+00:00,30.0,44.0
silnrsi/smith/,2024-11-11 23:19:27+00:00,11.0,14.0
simoc/csvjdbc/,2024-11-07 02:47:30+00:00,8.0,83.0
simple-android-framework/android_design_patterns_analysis/,2024-11-12 11:19:25+00:00,9.0,2683.0
SimVascular/simvascular.github.io/,2024-11-07 06:40:20+00:00,9.0,0.0
SINTEF-9012/ThingML/,2024-10-07 04:57:42+00:00,19.0,103.0
SINTEF-SIT/project_gravity/,2024-03-09 07:57:53+00:00,7.0,19.0
SINTEFMedtek/CustusX/,2024-11-04 16:38:50+00:00,16.0,63.0
sipsorcery/sipsorcery/,2024-11-14 14:10:51+00:00,30.0,1476.0
sipXtapi/sipXtapi/,2024-05-11 01:06:47+00:00,7.0,33.0
sitkatech/miradi-client/,2024-08-08 16:59:10+00:00,4.0,3.0
siwiwit/bpmn2soaml/,2024-02-20 02:43:44+00:00,2.0,2.0
slebok/zoo/,2024-08-08 01:53:27+00:00,2.0,84.0
SleeplessByte/programming-life/,2024-09-12 13:45:00+00:00,6.0,18.0
SlimRoms/frameworks_base/,2024-09-17 19:29:10+00:00,30.0,41.0
slopezv2/Maya-Calendar/,2024-08-18 14:29:44+00:00,2.0,1.0
slvrgauthier/OpenSculpt/,2024-02-18 19:16:10+00:00,3.0,3.0
smart-conn/alljoyn-zh/,2024-03-14 07:27:02+00:00,3.0,17.0
smartdevicelink/sdl_core/,2024-10-08 03:48:05+00:00,30.0,241.0
smartdevicelink/sdl_server/,2024-03-04 21:08:06+00:00,14.0,20.0
SnowFox108/NexusCore3/,2024-06-19 10:24:00+00:00,2.0,0.0
snowplow/snowplow.github.com/,2024-07-30 10:55:01+00:00,20.0,16.0
soapower/soapower/,2024-01-25 06:05:15+00:00,4.0,14.0
SOM-Research/EMFtoCSP/,2024-03-02 15:45:08+00:00,5.0,14.0
SonarSource/sonar-java/,2024-11-14 16:49:45+00:00,30.0,1133.0
SonarSource/sonar-maven/,2024-11-08 10:13:54+00:00,30.0,147.0
SonarSource/sonarqube/,2024-11-14 14:18:55+00:00,30.0,9096.0
sones/sones/,2024-11-12 20:04:40+00:00,5.0,213.0
SparklineData/spark-druid-olap/,2024-09-23 11:25:01+00:00,5.0,284.0
sparkslabs/kamaelia/,2024-09-02 22:24:12+00:00,3.0,12.0
spcs/synaps/,2024-08-31 00:54:47+00:00,4.0,17.0
SPDLDaemon/spdldaemon.github.io/,2024-06-21 19:25:37+00:00,2.0,0.0
SpineEventEngine/core-java/,2024-11-11 16:44:20+00:00,19.0,36.0
spiral/guide/,2024-09-02 08:37:08+00:00,30.0,41.0
Splamy/TS3AudioBot/,2024-11-14 13:01:16+00:00,12.0,698.0
SpoonLabs/astor/,2024-11-13 08:36:13+00:00,26.0,206.0
spring-projects/spring-batch/,2024-11-14 05:25:06+00:00,30.0,2728.0
spring-projects/spring-framework/,2024-11-14 16:54:44+00:00,30.0,56640.0
spring-projects/spring-net/,2024-11-06 04:08:08+00:00,30.0,851.0
SquareBracketAssociates/PharoMooc/,2024-09-21 15:05:58+00:00,11.0,19.0
sriram-mahavadi/extlp/,2024-04-26 05:27:19+00:00,3.0,2.0
sshum/bcit-courses/,2024-09-25 17:39:34+00:00,6.0,1.0
sslab-gatech/juxta/,2024-09-03 13:23:09+00:00,2.0,23.0
Star2Billing/a2billing/,2024-11-11 21:14:22+00:00,17.0,182.0
Starlink/starjava/,2024-11-08 10:36:09+00:00,10.0,95.0
start-x/relatorio/,2024-11-07 00:02:54+00:00,11.0,0.0
starviewer-medical/starviewer/,2024-11-12 12:51:15+00:00,16.0,140.0
statismo/statismo/,2024-11-02 12:32:09+00:00,12.0,268.0
stcarrez/ada-util/,2024-11-11 16:16:10+00:00,7.0,69.0
stcarrez/dynamo/,2024-10-13 17:58:04+00:00,3.0,17.0
steedos/odoo8/,2023-11-19 20:13:11+00:00,2.0,2.0
stefan-ka/stefan-ka.github.io/,2024-06-19 08:23:45+00:00,16.0,0.0
Stefku/intellij-reference-diagram/,2024-11-14 12:13:33+00:00,3.0,108.0
Steve132/pfstools/,2024-01-23 14:46:29+00:00,3.0,12.0
stoyanr/Evictor/,2024-09-03 06:07:48+00:00,2.0,81.0
stritti/log4js/,2024-10-25 17:21:56+00:00,8.0,449.0
strongloop/strong-arc/,2024-10-29 11:16:00+00:00,17.0,115.0
stupidisum/stupidisum.github.io/,2024-11-04 04:06:54+00:00,3.0,1.0
stxxl/website/,2024-05-17 16:41:38+00:00,2.0,0.0
suavecode/SUAVE/,2024-11-13 14:01:05+00:00,29.0,415.0
sunnypatel/Classwork/,2024-08-22 22:38:19+00:00,2.0,21.0
SuppenGeist/pse-ws1516-videoencoder-ta/,2023-12-15 18:41:53+00:00,5.0,1.0
swissbib/sbvf2/,2024-08-09 05:35:00+00:00,25.0,10.0
symfony-cmf/symfony-cmf-docs/,2024-01-29 11:15:22+00:00,30.0,44.0
symfony/symfony1-docs/,2024-11-03 23:17:58+00:00,30.0,103.0
synrc/n2o/,2024-11-13 10:37:36+00:00,30.0,1343.0
SysMLModelicaIntegration/edu.ufc.femtost.disc.sysml2modelica/,2024-08-01 09:35:39+00:00,2.0,20.0
Tatwi/legend-of-hondo/,2024-04-25 22:51:40+00:00,30.0,9.0
TeamDev-Ltd/OpenFaces/,2023-12-19 11:15:22+00:00,14.0,28.0
TeamPTTKPM/WindowPhone/,2024-06-18 09:56:58+00:00,2.0,2.0
TeamSPoon/PrologMUD/,2024-04-02 00:51:39+00:00,2.0,30.0
TeamW/Sports-Elimination-TP3/,2023-12-10 21:09:03+00:00,3.0,2.0
tehtechguy/mHTM/,2024-10-06 17:46:53+00:00,2.0,25.0
telefonicaid/fiware-cygnus/,2024-11-14 15:56:33+00:00,30.0,64.0
telefonicaid/perseo-core/,2024-09-30 11:42:25+00:00,19.0,11.0
telldus/telldus/,2024-09-09 12:44:16+00:00,10.0,64.0
terasolunaorg/terasolunaorg.github.com/,2024-09-14 02:13:09+00:00,21.0,46.0
terrameta/plasma/,2024-06-14 20:07:04+00:00,2.0,3.0
textlint/textlint/,2024-11-12 02:04:52+00:00,30.0,2848.0
TGM-HIT/protocols/,2024-10-11 16:49:09+00:00,3.0,11.0
the-butterfly-effect/tbe/,2024-11-13 18:38:24+00:00,6.0,97.0
the-virtual-brain/tvb-library/,2024-07-16 03:28:13+00:00,22.0,82.0
the-virtual-brain/tvb-pin-paper/,2024-07-16 03:37:54+00:00,4.0,2.0
Theadd/juced/,2023-12-11 09:51:16+00:00,3.0,28.0
TheAnswer/Core3/,2024-11-14 05:21:34+00:00,30.0,69.0
theforeman/hammer-cli/,2024-11-14 14:55:44+00:00,30.0,98.0
theodore-norvell/the-teaching-machine-and-webwriter/,2024-01-13 23:54:22+00:00,8.0,3.0
thexa4/perfectpong/,2024-10-15 01:08:22+00:00,2.0,1.0
thirtythreeforty/pikyak/,2024-08-16 02:53:24+00:00,2.0,2.0
thomas-maeder/popeye/,2024-08-28 22:58:24+00:00,6.0,31.0
tiberiusferreira/VilmaProject/,2024-06-03 22:24:46+00:00,2.0,4.0
tiku01/oryx-editor/,2024-05-15 11:18:09+00:00,2.0,18.0
TimLethbridge/umple/,2024-11-14 12:57:44+00:00,30.0,0.0
timolson/cointrader/,2024-11-09 17:59:10+00:00,10.0,454.0
tine20/Tine-2.0-Open-Source-Groupware-and-CRM/,2024-11-02 18:58:52+00:00,30.0,156.0
tk-codes/uno/,2024-11-08 23:20:12+00:00,2.0,105.0
tmtxt/tmtxt.github.com/,2024-10-25 00:24:06+00:00,22.0,9.0
toanqc/familydoctor/,2024-05-03 13:32:54+00:00,4.0,25.0
Todd-Davies/second-year-notes/,2024-06-02 04:31:22+00:00,2.0,9.0
tonyrog/canopen/,2023-11-22 23:35:40+00:00,2.0,16.0
tonystone/geofeatures/,2023-12-04 06:40:30+00:00,3.0,26.0
tourdedave/elemental-selenium-tips/,2024-05-18 08:18:30+00:00,8.0,285.0
toutpt/collective.trainingmanual/,2024-03-29 16:08:48+00:00,4.0,0.0
tracecompass/tracecompass/,2024-08-27 02:35:09+00:00,30.0,74.0
traitify/traitify-php/,2024-04-27 12:14:35+00:00,5.0,5.0
Trench-Wars/twcore/,2024-08-29 00:00:36+00:00,2.0,5.0
trungdq88/insurance-card/,2024-11-04 15:04:13+00:00,4.0,1.0
trustathsh/tnc-fhh/,2024-10-18 07:50:11+00:00,3.0,26.0
tsantalis/RefactoringMiner/,2024-11-14 17:03:01+00:00,16.0,371.0
tupilabs/tap4j/,2024-05-14 06:59:04+00:00,7.0,31.0
TYPO3-Documentation/TYPO3CMS-Reference-CoreApi/,2024-11-15 08:23:19+00:00,30.0,22.0
UESTC-ACM/CDOJ/,2024-08-24 02:05:18+00:00,9.0,78.0
uhhpctools/openuh/,2024-06-08 12:14:36+00:00,7.0,53.0
ujhelyiz/EMF-IncQuery-Examples/,2024-04-22 16:11:05+00:00,11.0,8.0
Ultimaker/Uranium/,2024-11-07 08:45:37+00:00,30.0,326.0
umple/umple/,2024-11-13 14:36:32+00:00,30.0,258.0
UmSenhorQualquer/pyforms/,2024-11-12 11:57:31+00:00,4.0,648.0
UmSenhorQualquer/pythonVideoAnnotator/,2024-10-11 05:54:39+00:00,5.0,69.0
UMWRG/pynsim/,2024-09-16 21:36:45+00:00,2.0,48.0
unconed/MathBox.js/,2024-11-08 09:55:36+00:00,5.0,1945.0
Unidata/awips2/,2024-11-14 08:16:50+00:00,2.0,177.0
Unidata/netcdf-c/,2024-11-14 19:48:53+00:00,30.0,516.0
Unidata/thredds/,2024-09-30 09:02:00+00:00,30.0,265.0
universAAL/applications/,2024-04-09 07:27:46+00:00,9.0,2.0
universAAL/ontology/,2024-09-06 05:54:56+00:00,9.0,13.0
unknown-horizons/unknown-horizons/,2024-11-12 20:23:59+00:00,30.0,1426.0
unl/UNL_UCBCN_System/,2024-09-17 13:43:05+00:00,14.0,1.0
utkuaydin/marble/,2024-01-10 19:59:40+00:00,30.0,0.0
utn-frm-si/reservas/,2024-08-28 12:29:03+00:00,2.0,2.0
uts-magic-lab/Magiks/,2024-08-13 05:16:35+00:00,3.0,4.0
UV-CDAT/uvcdat-site/,2024-11-04 21:56:15+00:00,19.0,7.0
UWARG/docs/,2024-01-06 20:36:16+00:00,8.0,1.0
uwescience/myria/,2024-10-30 20:06:22+00:00,17.0,113.0
uzh/gc3pie/,2024-05-16 17:28:23+00:00,17.0,44.0
Vaa3D/vaa3d_tools/,2024-07-03 14:26:51+00:00,30.0,108.0
ValentinMinder/CirculationMediator/,2024-05-02 14:47:54+00:00,3.0,1.0
vargax/ejemplos/,2024-09-15 20:03:03+00:00,2.0,2.0
varnish/zipnish/,2024-07-06 11:19:05+00:00,6.0,127.0
Vauxoo/odoo-venezuela/,2024-02-17 15:57:38+00:00,16.0,15.0
Vhaos/Kinect-BodyScanner/,2024-08-02 08:52:24+00:00,3.0,19.0
vibolyoeung/psarnetwork/,2024-08-30 07:28:13+00:00,6.0,3.0
vicrucann/dura-europos-insitu/,2024-11-12 13:12:59+00:00,2.0,42.0
vigilate/labeip/,2024-08-27 08:06:47+00:00,2.0,0.0
vilnius/vilnius-carpool/,2024-10-27 05:13:49+00:00,4.0,10.0
vitaut/vitaut.github.io/,2024-11-02 14:54:34+00:00,2.0,8.0
vlead/dataservice/,2024-01-16 06:27:15+00:00,7.0,1.0
vogellacompany/vogella/,2024-11-06 14:07:56+00:00,3.0,340.0
vulfgang/coursework-kitten/,2024-10-11 08:11:52+00:00,4.0,15.0
w3c/aria/,2024-11-15 04:59:46+00:00,30.0,653.0
w3c/data-shapes/,2024-08-02 14:17:54+00:00,20.0,89.0
w3c/push-api/,2024-09-17 06:21:24+00:00,25.0,146.0
wagnerjs/SIGAR/,2024-06-04 17:39:29+00:00,6.0,0.0
wakaleo/game-of-life/,2024-11-12 11:04:29+00:00,6.0,2037.0
wamp-proto/wamp-proto/,2024-11-11 15:06:10+00:00,30.0,475.0
WandererFan/FreeCAD-TechDraw/,2024-06-06 10:06:04+00:00,30.0,3.0
wangkuiwu/wangkuiwu.github.io/,2024-07-06 09:02:06+00:00,3.0,39.0
wasadigi/Teaching-HEIGVD-RES/,2024-06-24 21:30:48+00:00,3.0,11.0
wazuh/wazuh-documentation/,2024-11-14 23:20:13+00:00,30.0,195.0
web-development/web-development.github.com/,2024-11-04 20:30:25+00:00,2.0,2.0
webfactory/content-mapping/,2024-09-04 13:53:31+00:00,4.0,4.0
webpack/react-starter/,2024-10-25 09:44:45+00:00,19.0,2207.0
websauna/websauna/,2024-03-28 13:39:18+00:00,27.0,264.0
Whissi/shorewall/,2023-12-10 05:57:01+00:00,12.0,4.0
WICG/paymentrequest/,2024-04-20 12:47:53+00:00,6.0,37.0
wimleers/sudoku/,2024-10-27 10:25:49+00:00,2.0,102.0
WinToosa/mobilelogger/,2024-09-11 09:49:13+00:00,3.0,0.0
WouterJ/wouterj.github.com/,2024-09-14 13:53:45+00:00,14.0,1.0
wro4j/wro4j-examples/,2024-10-30 12:00:38+00:00,3.0,9.0
wseltzer/torweb/,2024-05-21 19:58:14+00:00,30.0,3.0
wso2/charon/,2024-11-06 06:58:09+00:00,30.0,122.0
wwivbbs/wwiv/,2024-11-02 15:11:04+00:00,17.0,186.0
xen2/SharpLang/,2024-10-18 19:10:08+00:00,5.0,282.0
xenodium/xenodium.github.io/,2024-11-13 13:22:10+00:00,3.0,9.0
0416354917/COMP6442/,2024-06-08 05:46:58+00:00,1.0,2.0
3electrons/AnalogWidgets/,2024-03-11 02:32:07+00:00,0.0,1.0
ABI-Software/ICMA/,2024-03-28 19:14:12+00:00,1.0,11.0
adiknoth/ffado/,2024-04-08 23:51:48+00:00,0.0,1.0
adius/polyphone/,2024-04-21 10:29:26+00:00,0.0,10.0
adolfosbh/cs2as/,2024-05-06 03:21:04+00:00,1.0,1.0
AdrianApostolov/TelerikAcademy/,2023-11-22 14:26:23+00:00,1.0,4.0
afarber/alexander-farber/,2023-11-27 13:03:24+00:00,1.0,0.0
afronski/playground-notes/,2024-08-03 17:01:09+00:00,1.0,31.0
airingursb/EMPs/,2023-12-13 12:11:28+00:00,1.0,8.0
albertoblaz/Wikious/,2024-10-27 17:43:51+00:00,1.0,0.0
AlessandroSanino1994/NerdOrDungeons/,2024-02-28 02:41:46+00:00,1.0,3.0
AlexandreRozier/Library-Management-System/,2024-07-17 14:27:43+00:00,1.0,5.0
algaworks/curso-jpa-hibernate/,2024-04-09 20:44:03+00:00,1.0,70.0
algui91/grado_informatica_npi/,2024-04-11 22:34:05+00:00,1.0,7.0
amarh/openPLM/,2024-11-11 17:15:09+00:00,0.0,27.0
amidos2006/Automatic-Game-Script-Generation/,2024-01-11 22:23:44+00:00,1.0,1.0
amiq-consulting/svaunit/,2024-06-28 21:15:06+00:00,1.0,73.0
AndreMarvell/Uno/,2024-10-17 10:26:53+00:00,1.0,1.0
andrenho/luisavm/,2024-11-09 16:56:09+00:00,1.0,1.0
andrenho/newhope/,2024-11-09 16:42:44+00:00,1.0,1.0
andrenho/perminal/,2024-11-09 16:47:23+00:00,1.0,0.0
andresrosso/proyectogrado-docs/,2024-08-01 22:32:58+00:00,1.0,15.0
Andresteve07/FINAL_AyED/,2024-10-18 03:46:57+00:00,1.0,2.0
andrewlord1990/resonance-game/,2024-09-27 19:43:46+00:00,1.0,3.0
animatedb/oovaide/,2024-06-30 13:55:28+00:00,1.0,155.0
anosenzo/correctorDeParciales/,2023-12-28 04:03:07+00:00,1.0,0.0
antgerasim/NLayerAppV2/,2024-09-08 05:23:46+00:00,1.0,50.0
anthonycorbacho/Epitech_project/,2024-10-26 09:12:03+00:00,1.0,4.0
anycmd/anycmd/,2024-10-13 16:02:54+00:00,1.0,95.0
apache/zetacomponents/,2024-10-31 00:41:03+00:00,1.0,46.0
APIOps/apiops-model/,2024-07-19 09:56:08+00:00,1.0,6.0
APmoss/CribbageMobile/,2024-06-11 22:54:37+00:00,0.0,1.0
AresS31/distributed-chat/,2024-08-12 19:18:29+00:00,1.0,4.0
AresS31/GLPI/,2024-08-12 19:18:28+00:00,1.0,2.0
Aridane/underwater_map_construction/,2024-10-23 03:50:50+00:00,1.0,7.0
artifacthealth/typedoc-plantuml/,2024-08-12 10:50:37+00:00,1.0,15.0
asciiphil/greenbutton-python/,2024-05-31 18:38:49+00:00,1.0,12.0
ashish1294/PersonalWebsite/,2024-07-30 11:16:50+00:00,1.0,22.0
askpt/ExpenseManager/,2024-07-23 13:42:43+00:00,1.0,2.0
athiasjerome/XORCISM/,2024-06-19 18:25:44+00:00,1.0,23.0
atlanmod/fREX/,2024-02-18 07:57:07+00:00,1.0,1.0
atoader/HilbertRTree/,2024-08-27 02:06:41+00:00,1.0,31.0
badqiu/rapid-framework/,2024-07-24 09:58:37+00:00,0.0,36.0
barancev/java_pft/,2024-01-20 06:35:35+00:00,1.0,11.0
barnhill/BloodSpider/,2023-11-26 00:36:03+00:00,1.0,3.0
barrybecker4/bb4-simulations/,2024-11-12 18:15:25+00:00,1.0,5.0
benfowler/dancing-links/,2024-11-04 17:40:37+00:00,1.0,25.0
benmfaul/XRTB/,2024-05-17 07:27:22+00:00,1.0,121.0
bentearadu/UDS_Lear/,2024-05-31 20:37:46+00:00,1.0,7.0
BeQuietLee/bequietlee.github.io/,2024-05-27 12:20:41+00:00,1.0,1.0
berlinbrown/berlinbrown.github.com/,2024-09-20 07:53:52+00:00,1.0,2.0
berlinbrown/jvmnotebook/,2024-08-17 22:12:24+00:00,1.0,5.0
berlinbrown/openbotlist/,2024-08-17 22:11:57+00:00,1.0,2.0
Bernardo-MG/docs-bootstrap-template/,2024-09-17 18:50:57+00:00,1.0,2.0
bestplay9384/LTE-Sim-Simulator/,2024-03-16 15:53:15+00:00,1.0,0.0
bibekdahal/8085-simulator/,2024-08-08 16:59:42+00:00,1.0,17.0
BillKrat/Framework/,2024-11-09 23:50:51+00:00,0.0,0.0
bing-jian/gmmreg/,2024-10-11 08:07:34+00:00,1.0,299.0
BirgPublicizer/Metabolomics-Analysis-Toolbox/,2024-03-13 05:29:51+00:00,1.0,6.0
BKcore/JungleIN/,2024-01-11 10:15:19+00:00,1.0,92.0
bootchk/pensool/,2024-08-27 18:42:08+00:00,1.0,13.0
borismus/smus.com/,2024-10-28 18:47:18+00:00,1.0,5.0
braider/bluejam/,2024-05-22 21:02:35+00:00,1.0,0.0
briancain/Masters-Report/,2024-09-04 08:52:41+00:00,1.0,1.0
bruceoutdoors/Intro-Design-Patterns-Cpp-Qt5/,2024-10-05 02:57:56+00:00,1.0,147.0
btpka3/btpka3.github.com/,2024-10-11 12:36:27+00:00,1.0,16.0
caiofior/fioriechiavi.it/,2024-06-06 14:58:03+00:00,0.0,2.0
can-eth-gw/can_eth_gw/,2024-09-17 21:36:33+00:00,1.0,15.0
carloslfu/blocklify/,2024-08-31 03:30:47+00:00,1.0,65.0
castrinho8/ATM_network_simulator/,2024-10-10 16:34:38+00:00,1.0,2.0
cazares/cazares.github.com/,2024-10-24 12:07:23+00:00,1.0,0.0
cbaatz/purescript-intro/,2024-06-18 20:27:11+00:00,1.0,8.0
cbardon/clementbardon.com/,2024-09-07 04:57:48+00:00,1.0,1.0
ccompiler4pic32/pic32-gcc/,2024-09-05 15:38:44+00:00,1.0,8.0
cechrist/cardoon/,2023-12-12 07:22:06+00:00,1.0,13.0
cflowe/ACE/,2024-08-11 08:10:47+00:00,1.0,53.0
chakrit/pjsip/,2024-02-06 13:51:04+00:00,0.0,55.0
cheyiliu/All-in-One/,2024-06-15 08:39:35+00:00,1.0,218.0
chmduquesne/blog/,2024-08-24 22:54:14+00:00,1.0,2.0
ChrisCummins/pip-db/,2024-07-04 00:34:57+00:00,1.0,4.0
chrishowejones/presentations/,2024-05-01 09:59:18+00:00,1.0,0.0
chuxi/chuxi.github.io/,2024-02-06 15:07:07+00:00,1.0,0.0
cjferba/Poker/,2024-09-21 05:38:06+00:00,1.0,2.0
ckaestne/CIDE/,2024-01-13 23:50:07+00:00,1.0,9.0
claranobre/coffemachine/,2024-06-23 16:32:30+00:00,1.0,0.0
cleinias/Homeo/,2023-11-23 16:45:54+00:00,1.0,6.0
clem1/segvault/,2024-08-12 19:19:09+00:00,1.0,30.0
CM-Huawei/Source_MT6582/,2024-09-30 09:55:30+00:00,1.0,13.0
cmoylan/dotfiles/,2024-10-18 15:43:11+00:00,1.0,2.0
Ryp/PSPgames/,2024-05-06 21:51:07+00:00,0.0,3.0
samchen2009/android_uml/,2024-08-09 04:29:14+00:00,1.0,183.0
sanjayankur31/bionav/,2024-04-07 18:55:09+00:00,1.0,3.0
saravanacp/secureshareme/,2024-04-29 19:20:47+00:00,1.0,6.0
Satius/qt5/,2024-08-25 01:25:32+00:00,0.0,13.0
Scale-VerCors/VCEv4/,2024-10-29 10:54:49+00:00,1.0,6.0
seedstack/seedstack.github.io/,2024-10-25 15:37:45+00:00,0.0,1.0
sghiassy/Code-Reading-Book/,2024-06-08 03:45:56+00:00,1.0,56.0
shadowmick1/swtor-emu/,2024-07-24 23:26:08+00:00,0.0,9.0
shangerxin/BookNotes/,2024-10-18 08:34:58+00:00,1.0,28.0
shigeya/omnetpp/,2024-09-16 20:16:20+00:00,1.0,14.0
shivajid/atlas/,2023-11-24 12:30:29+00:00,1.0,30.0
shnizelsh/halftoning-evaluator/,2024-01-17 17:10:02+00:00,1.0,2.0
shonenada/think-python/,2024-06-02 02:47:23+00:00,1.0,8.0
shurcooL/eX0/,2024-09-14 01:27:20+00:00,1.0,50.0
sikoried/jstk/,2024-11-11 16:46:45+00:00,1.0,11.0
sillsdev/lift-standard/,2024-02-06 18:50:31+00:00,1.0,6.0
sirrice/6092/,2024-09-06 08:02:40+00:00,1.0,4.0
SixByNine/pulsarhunter/,2024-08-26 10:00:43+00:00,1.0,3.0
SixK/CC1101-X2D-Heaters/,2023-12-06 22:25:44+00:00,1.0,10.0
skarllot/magmanager/,2024-01-26 01:06:15+00:00,1.0,0.0
skarpenko/cwtlib/,2024-04-01 14:35:02+00:00,1.0,13.0
skython/eXe/,2023-12-25 11:33:33+00:00,0.0,8.0
slowli/software-engineering-lectures/,2023-11-29 11:35:07+00:00,1.0,4.0
smallnest/smallnest.github.io/,2024-10-27 03:52:24+00:00,1.0,17.0
sountex/COPTD/,2024-07-02 07:47:54+00:00,1.0,19.0
sprossiter/JSIT/,2024-08-26 23:12:56+00:00,1.0,2.0
srgblnch/python-pylon/,2024-01-24 03:45:04+00:00,1.0,18.0
ssorj/transom/,2024-11-14 16:26:03+00:00,1.0,0.0
st4sik/Lab_1/,2024-02-06 15:06:27+00:00,1.0,0.0
stanislav-web/Searcher/,2023-12-22 03:36:54+00:00,1.0,25.0
stateforge/StateBuilder/,2024-04-02 06:19:28+00:00,1.0,33.0
Stealth80/NickHollis/,2023-12-07 01:55:40+00:00,1.0,0.0
stefanmuenchow/Smart-Collections/,2024-03-31 14:11:51+00:00,0.0,2.0
stefanobettinelli/DLA-simulations/,2024-07-31 22:15:47+00:00,0.0,0.0
stefanoborini/modelviewcontroller-src/,2024-07-16 04:51:11+00:00,1.0,37.0
stephanhoekstra/clean-architecture/,2024-10-21 09:53:10+00:00,1.0,88.0
stevenalexander/docker-authentication-authorisation/,2024-08-22 01:27:50+00:00,1.0,47.0
streambuf/recognition_numbers/,2024-04-16 11:26:55+00:00,1.0,12.0
StuartGordonReid/r4nd0m/,2024-04-07 23:30:40+00:00,1.0,113.0
suan/mirlite/,2024-06-04 11:05:44+00:00,1.0,7.0
sumdog/assignments/,2024-10-17 02:46:02+00:00,0.0,6.0
sungsoo/sungsoo.github.com/,2024-11-14 04:32:33+00:00,1.0,30.0
surki/hipl/,2024-10-25 03:10:39+00:00,1.0,8.0
svn2github/pjsip/,2024-08-29 12:21:52+00:00,0.0,6.0
svstuff/systemverilog/,2024-09-28 22:23:17+00:00,1.0,12.0
swmuir/fhims/,2024-10-31 12:35:57+00:00,1.0,0.0
taichi/umlbot/,2024-08-16 12:24:30+00:00,1.0,59.0
tanure/ExemploMVP/,2024-01-16 12:38:06+00:00,1.0,2.0
tarbrain/TBStateMachine/,2024-02-13 10:47:56+00:00,1.0,49.0
tazzledazzle/UW-CSS/,2024-03-02 12:42:33+00:00,1.0,4.0
tcs-ulli/fpvectorial/,2024-10-02 11:08:07+00:00,1.0,2.0
TestingTechnologies/TTmodeler/,2024-05-01 09:49:19+00:00,0.0,4.0
thalerjonathan/Masterthesis/,2024-08-31 06:40:34+00:00,1.0,0.0
TheAxeC/AxeSki/,2024-07-09 08:39:35+00:00,1.0,1.0
TheJeremyGray/FileWatcherService/,2024-08-01 13:59:05+00:00,1.0,4.0
thethythy/Mnemopwd/,2024-06-13 13:39:13+00:00,1.0,0.0
thinkingl/thinkingl-code-lib/,2024-10-08 09:13:55+00:00,1.0,8.0
thinkingmedia/find2cards/,2024-03-31 20:41:55+00:00,0.0,0.0
thomsmits/markdown-tools/,2024-09-24 19:45:06+00:00,1.0,15.0
threetee/ruote-rails-example/,2024-02-21 09:44:19+00:00,0.0,24.0
thuandt/final_project/,2024-09-14 18:19:15+00:00,1.0,6.0
TiBeN/Framework/,2024-04-25 09:37:10+00:00,1.0,1.0
tildedave/davehking.com/,2024-09-10 18:53:23+00:00,1.0,1.0
timmwagener/tw_cloth_solver/,2023-12-15 09:04:50+00:00,1.0,30.0
tlgimenes/X-CubeSat/,2024-02-12 10:18:50+00:00,1.0,7.0
tlin-fei/ds4p/,2024-01-13 23:52:04+00:00,0.0,1.0
TomasMikula/tomasmikula.github.io/,2024-11-08 13:01:54+00:00,1.0,0.0
TomLefley/Dissertation/,2024-05-08 13:13:07+00:00,1.0,0.0
treble-snake/gson.dwarves/,2024-08-07 14:41:32+00:00,1.0,8.0
tuomas2/automate/,2024-11-07 09:02:56+00:00,1.0,26.0
ua-eas/ua-rice-2.1.9/,2024-03-14 23:47:33+00:00,0.0,0.0
UCLGuichard/SocialForceModel/,2024-09-26 12:14:36+00:00,0.0,16.0
uin3566/GoBang/,2024-10-21 19:20:58+00:00,1.0,129.0
UnboundID/ldapsdk/,2024-11-13 22:03:09+00:00,1.0,338.0
unnikkedtk/unnikkedtk.github.io/,2024-06-03 15:02:43+00:00,1.0,0.0
urielbautista/dev/,2024-04-14 01:03:38+00:00,0.0,0.0
UrsZeidler/uml2solidity/,2024-04-17 16:03:40+00:00,1.0,37.0
uwitec/supermarket-management-system-lx/,2024-06-15 06:36:45+00:00,0.0,33.0
vanburg/ru/,2024-10-08 15:48:08+00:00,1.0,0.0
Vdragon/NTOU_CPP_Lab_Opensource_Project/,2024-03-19 13:36:53+00:00,0.0,3.0
venam/blog/,2024-09-09 06:35:06+00:00,1.0,2.0
vijayakumarsuraj/UIAutomation/,2024-09-05 07:39:03+00:00,1.0,20.0
vimaier/conqat/,2024-06-26 16:58:46+00:00,0.0,7.0
vincentfung13/TwitterRepManagement/,2024-01-19 06:00:28+00:00,1.0,2.0
virgo47/restful-spring-security/,2024-10-21 01:49:51+00:00,1.0,229.0
vitormota/AIAD_TP01/,2024-02-26 22:34:19+00:00,1.0,0.0
vonSchmidt/ConnectFour/,2024-05-13 01:56:20+00:00,0.0,2.0
vrobic/comptes/,2024-10-08 17:21:07+00:00,1.0,9.0
wanghaisheng/fhir-in-action/,2024-08-22 12:57:56+00:00,1.0,6.0
webgme/sysml/,2024-07-13 18:09:23+00:00,1.0,22.0
wenxueliu/draft/,2024-04-03 04:00:58+00:00,1.0,9.0
wesen/nmedit/,2024-05-22 09:01:16+00:00,1.0,14.0
whs/ske11-lecture/,2024-08-21 02:23:52+00:00,1.0,6.0
williballenthin/williballenthin.com/,2024-10-09 13:48:40+00:00,1.0,2.0
wjw465150/Pro-Git-Chinese/,2024-05-28 04:13:03+00:00,1.0,6.0
wolandscat/EOMF/,2024-10-08 00:35:00+00:00,1.0,6.0
wooknight/phpcallgraph/,2024-11-14 12:20:17+00:00,1.0,38.0
wp-plugins/richtexteditor/,2024-03-01 14:57:10+00:00,0.0,0.0
wristware/iso8583/,2023-11-27 20:23:59+00:00,1.0,3.0
wwj718/wwj718.github.io/,2024-11-14 06:45:00+00:00,1.0,12.0
wyon/note/,2024-08-23 06:52:12+00:00,1.0,0.0
