Project,Contributors
0003088/libelektra-qt-gui-test/,12.0
01org/vmf/,11.0
080419android/scheduler/,3.0
0877624/0877624-0896919-0894785/,3.0
09421/Track-A-Bus/,2.0
100Continue/Gulu--web-server-test-tools/,2.0
101companies/101repo/,24.0
131213web/ProjectTask/,9.0
1string2boolthem/ProjectHub/,4.0
211tbc/synthesis/,4.0
2scooter/SeniorDesign/,2.0
32pounds/LaTexDocumenation/,6.0
3a-arthurkevin/3ADJV_TORRENTE_WATHTHUHEWA_Hinder_-_Flee/,3.0
3DrunkGuys/TimeSplitter/,2.0
3piX/Cm3_task2_3/,4.0
3piX/Cm3_Task4/,3.0
401ChemistryGenealogy/ChemistryGenealogy/,5.0
4201715125/S4201715125V1/,3.0
42IN11EWd/RAS-app/,7.0
454Team/Project/,2.0
4dnucleome/cog-abm/,3.0
4ipalino/PlagiatsJaeger/,5.0
4r3/MVC-Boulder-Dash/,2.0
4ZP6Capstone2015/Capstone/,3.0
502BadGateway/New_Wizards/,4.0
502BadGateway/project_3/,4.0
5730447921-PW/Project/,2.0
5731078121-PT/ProgMeth_Project_BF/,2.0
5731078121-PT/Project-New-New-/,2.0
5731109021-ST/Progmeth-Project/,3.0
59000/Projet-VirtualWar/,3.0
593141477/FocusTracking/,2.0
5Tsrl/GTFSManager/,2.0
66095021/deepsecurity/,2.0
7510FIUBAGrupo14/Tp2-Test/,2.0
7kings/TicTacToe/,4.0
7Pros/META/,4.0
7ung/NMGAME/,5.0
85pando/Zusammenfassungen/,3.0
a-a-hofmann/softEng/,3.0
A-Sandwich/CSCI-487/,2.0
A-Team-CS320/ER-Tutoring-System/,5.0
a1arias/Fashion-Helper/,2.0
A2D-MY-AOSP/android_frameworks_base/,30.0
a2e/api2ecore/,2.0
a7medfahmy94/SE_Project/,3.0
aabdelaziz/FWDE/,2.0
AACleiton/EscolaDeTi2015.grupo06/,3.0
aaguil10/ElectricVehicleMicroController/,5.0
aahamilt/UNA-CS-315--Spring-2014/,2.0
aalvlopez/ProyectoDIA/,4.0
aaps/stardog/,2.0
Aapzu/super-duper-pentago/,2.0
Aardevarken/AnimalRampage/,3.0
aarondunn/bugkick/,6.0
aaronhourie/Automatic-ATM-Teller-Machine-Machine-Simulator-2015/,3.0
aayvazyan-tgm/osiris/,3.0
aayvazyan-tgm/RouterManagementProject_RockTheNet/,5.0
abarbour/psd/,2.0
abaur/TinfoilP2P/,3.0
abb-iss/SrcML.NET/,4.0
abbeboa/javaProject/,2.0
Abdallah-Sobehy/15puzzle/,4.0
abdoofathy95/CA/,5.0
abdulla-alali/CRE-NS3/,30.0
abego/treelayout/,2.0
abel533/spring-framework-reference/,8.0
AbelianGroupInc/LmInterpreter/,2.0
aber-cs22120-group-15/docs/,7.0
abersailbot/dewi-hardware/,4.0
abes140377/xmdlab/,2.0
abhagupta/codepath-uber-clone/,2.0
abhijitborude/roamy-services/,2.0
abhinava/indic-keyboards/,2.0
abhishekmurthy/Calligra/,30.0
abhishekshm007/eggWallet_server/,2.0
ABjelotomic/ART/,5.0
abjugard/DAT255-EpiClock/,2.0
aboretum/Researcher-s-Journal/,3.0
aBothe/qabel-core/,8.0
abrden/StarCraft/,4.0
abreitenfeld/QCrystalTile/,5.0
abrj/BAAAP/,3.0
absdk/RslSDK/,2.0
abstratt/cloudfier/,3.0
abulka/pynsource/,4.0
accandme/openplum/,2.0
accidant/ProjectX/,3.0
accord-net/framework/,30.0
aceiro/curso_dot_net_2015/,2.0
ackepenek/HavayoluSirketSistemi/,2.0
aclissold/Proxima/,2.0
acmeair/acmeair/,2.0
ACS-Community/ACS/,7.0
activeingredient/ezComponents/,2.0
Activiti/Activiti/,30.0
Adamai/ProjetoPetB/,3.0
adangsupriatna/retail-optic/,2.0
adanselm/adanselm.github.io/,2.0
adaptive-learning/flocs/,4.0
adaussy/EMFCompareGitPGM/,2.0
addcn/ideas/,2.0
addyahyah/SassyASM/,2.0
adeboni/blackboard-cryptanalysis/,2.0
adeepkit01/networks/,2.0
AdelaideAuto-IDLab/windware/,2.0
ademirNeto/pocketplanner/,3.0
ader1990/PA1410-assignment/,3.0
adesuk/lavender/,3.0
adetaylor/android-frameworks-base-with-remote-control-service/,30.0
adichad/lucene-new/,9.0
adichad/lucene/,9.0
adisandro/MMINT/,6.0
aditya13121988/Harry/,13.0
adityaapte/CERR/,7.0
adm3942soit/Master/,3.0
AdmiralSam/FinalProject/,3.0
AdmireTheDistance/aosp_android_frameworks_base/,30.0
adnanabh/jmeter-plugin/,2.0
adngdb/fightly-game-engine/,4.0
Adowya/4Java-Project/,2.0
adraghici/marble/,30.0
adrian-bl-hox-jb/android_frameworks_base/,30.0
AdrianaSantalla/JavaIamCoreProject/,2.0
adrianbarbani/QueComemos/,2.0
adrianudc/vvs-practica3/,2.0
adrienrouquet/cpe-projet/,2.0
adrierama/MPPL-D-E08-Elmart/,2.0
adril/minesweeper-3000/,5.0
adtbo/EHSurabaya/,5.0
adwisatya/keeptaman/,3.0
aedificium/aedificium/,2.0
aegif/NemakiWare/,6.0
aert/aert-climagraph/,2.0
afamorim/JVSeguranca/,2.0
afconsult-south/dragonfly-fcb/,5.0
afei1982/mooon/,3.0
Afforix/file-tree-analyzer/,4.0
AFlight02/SoftwareEng2013_Group9/,4.0
afpa-stbrieuc/timeshare-silex/,6.0
afvalencia/frameworkTests/,3.0
ag4work/FirstRepository/,2.0
AGaliuzov/Mirror/,2.0
AGaliuzov/MyRepo/,2.0
agelenler/myblog/,2.0
agenovese/coffee-cats/,2.0
AgentsOfROSE/Skye/,2.0
ageser/ToDoList/,2.0
aggarwalsomya/Hangman_UI_Game/,5.0
agilebirds/openflexo/,3.0
AgileVentures/MetPlus_tracker/,3.0
AGProjects/python-sipsimple/,7.0
agthxr/omada13/,2.0
agupta13/mPaaS/,3.0
Agurato/Graine_DNA/,3.0
agustinsantos/DOOP.ec/,6.0
ahajirnis/FallUML2013/,8.0
Ahasveros5/THO7HuiswerkNakijken/,2.0
ahausmann/compilerbau/,3.0
ahbauer/pxcorr/,3.0
ahc2483/NServiceBusDemo/,2.0
ahgittin/brooklyn-docs/,30.0
ahmad-diaa/SmartX/,4.0
ahmadpaudji/DTTI/,3.0
ahmadzai/SEPA_GroupB/,5.0
AhmedAtef07/elPaint/,4.0
AhmedDeif/elmenusFeed/,9.0
ahmedetefy/KodokyojinCoffeeFinder/,9.0
ahmedtahaaroua/AbstractTeam/,3.0
ahuitz/FinalPortalURL/,8.0
ahuitz/PortalURL/,3.0
aina1205/nmtrypi-seek/,12.0
aina1205/virtualliverf1/,5.0
airanmehr/biocaddie/,3.0
Airslash/seriesmanager/,4.0
aislimau/SAAbs/,2.0
aj-james/luv-os/,30.0
ajendrosch/ZalandoHack/,2.0
aji28/Tubes-IFB-1127050006-1127050033/,2.0
ajperalt/bpelComplexityAnalyzer/,3.0
AkaG/ProjektPO/,4.0
akanadocs/akanadocs.github.io/,5.0
AKerr94/OFCP-AI/,2.0
akhileshtyagi/PUF/,5.0
akigupta131/omdm/,2.0
AKJ1/SoftuniRepo/,2.0
akrickl-tgm/solar01/,2.0
al223ec/1dv411/,7.0
al2wyw/sourceCode_utilityDemo_designPattern/,2.0
Al3x3i/myProjects/,3.0
alandball/SkySystems/,2.0
AlanJhones/ControleEstoqueInteligente2/,2.0
alankyshum/ISOM3320---Typing-Meteorite/,2.0
alansantamaria/untref-aydoo-tp-asantamaria-ybelai/,2.0
alarichadef/na17/,2.0
alarie/Hofnahrr/,3.0
albanoj2/se655_final_project/,2.0
albertocibari/CibariMagoni-sw2Proj/,2.0
AlbertoParravicini/dose2015_public/,10.0
AlbertoTorre/CES4/,2.0
Albex/albex.github.io/,30.0
Alchemik94/sem3proj_cleaned/,2.0
aleabalo/SanJoseTrivia/,2.0
Aleanar/BadPractice/,2.0
Aleciano/projLocadora-web/,3.0
aleckretch/Pokemon-Project/,2.0
alecmartin/quantum-bound-states/,5.0
alejandroave/Quirofano/,5.0
AlejandroVera/ProjectTwitter/,3.0
alejgamez/monitorizacion/,2.0
aleksanb/TDT4140-Undass/,3.0
Alen3004/ecommerce-rest-service/,2.0
alessandrocomodi/comodiconficconilongari/,3.0
Alex-BusNet/SuperCop/,2.0
alex2202375/dice/,2.0
alex44590/JeuDechec/,4.0
Alexander-Schiendorfer/active-learning-collectives/,2.0
Alexander-Schiendorfer/TCCI-Abstraction/,2.0
Alexander091/text-adventure/,6.0
alexandercrichton/unity-bpm-simulation/,2.0
alexanderkell/machine-learning-analysis-mobile-location-data/,4.0
AlexanderKern/4Gewinnt/,5.0
alexanderkjall/openmap-maven-test/,3.0
alexanders0/RegistroCursoOnline/,3.0
alexandreAudinot/projetPOOAudSee/,2.0
alexaverill/CS2Project/,2.0
alexbuicescu/Project-Kitten-Renderer/,3.0
AlexDWu/mancala/,2.0
Alexey-N-Chernyshov/DMD_project/,3.0
alexispetalas/orga/,3.0
alexjlaberge/473BodyCam/,3.0
alexjordan/otawa/,3.0
alexleutgoeb/WellDone/,4.0
alexmullans/Siftables-Emulator/,4.0
AlexPerrot/GettingThingsDone/,4.0
alexrv11/12factor-in-action/,4.0
AlexSandilands/grace-phix/,2.0
alexsavio/SandS-EDB/,2.0
algaworks/curso-fundamentos-java-e-orientacao-a-objetos/,2.0
algo2-grupo3/tp_que-comemos/,4.0
algo3grupo/algo3Tp/,3.0
algoCraftDeveloperTeam/algosIII_tpFinal/,4.0
alibaba/TrafficServer/,21.0
Aliced3645/DataCenterMarketing/,2.0
aliciaparisse/PredictifWeb/,2.0
alihitawala/DesignPatterns/,2.0
AliLigi/OOWordCloud/,2.0
alineseit/prototipo/,2.0
AlinNereid/searchable-encryption/,4.0
AlinyClemente/sgcont/,4.0
alishouman/qwertyuiop/,2.0
alisomer/essexbooking/,5.0
AliYousuf/pdfedit-ng-/,3.0
AliYousuf/pdfedit-ng/,4.0
alkis0/SoftEng/,2.0
alkra/benchOKR/,2.0
Allan1223/ProjetoCleanTrash/,3.0
allansbeckman/Breakfast-Club/,2.0
Allen-Zhang/EMC/,3.0
Allergeeks/Dokumentation/,6.0
allianceSparx/frameworks_base/,30.0
allwinner-ics/platform_frameworks_base/,30.0
Aloaloha/desarrollo/,2.0
alonsoJASL/PhagoSight/,2.0
Alsuki/RH/,2.0
altiplanogao/tallyframework/,2.0
alu0100403619/TrabajoFinDeGrado/,2.0
alu0100693386/prct09/,2.0
alu0100693386/prct10/,2.0
alu0100698411/GEMNASIUM/,2.0
AludraTest/aludratest/,6.0
alwayskidd/LRB/,2.0
alynka2991/Change-your-book/,2.0
alyssonajackson/tig2_2014_01/,3.0
Alzathar/b-tk.googlecode.backup/,4.0
amacdiarmid/GP2Coursework/,3.0
Amakri1020/DPMFinalProject/,2.0
amanongit/e-inventory/,4.0
amarbayar/jams/,4.0
Amatarasu/A-Team/,5.0
ambarket/comp524Website/,2.0
AmberStarTeam/VirtualWar/,6.0
Ambienta2MX/Ambienta2MX-Docs/,3.0
Ambienta2MX/ambienta2mx.github.io/,3.0
amdonham/DropGrade/,3.0
amikey/android-open-project-analysis/,30.0
amikey/jsoup-learning/,3.0
amikey/llvm-pascal/,2.0
amikey/netty-learning/,3.0
amir9979/sadna/,5.0
amiyajima/slogo/,6.0
amj88/GrupoGammaMaquinaVending/,3.0
amkahn/question-answering/,3.0
AMOSTeam3/amos-ss15-proj3/,5.0
ampas/aces-dev/,9.0
amperka/Espruino/,30.0
amujika/ruralHouses/,2.0
an-in-seek/testRepo/,3.0
ana-balica/ana-balica.github.io/,3.0
Anacho/QLog-tp2/,2.0
anagno/BookShop/,4.0
anagno/CinemaIs/,2.0
Anailson/Eng2-Geolocalizador/,3.0
AnalogDevicesLyricLabs/dimple/,4.0
ananas-project/blueprint/,2.0
ananchanyong/Mammoth/,4.0
anapaulabarros/projeto-lp2/,3.0
AnastasiiaRe/GoJavaOnline/,2.0
and146/SPLAT-ARI/,7.0
and3k5/ScheduleSystem/,2.0
ande8331/SEIS635Project/,2.0
andef4/ch.bfh.bti7081.s2013.blue/,2.0
andersfischernielsen/DriveIT/,6.0
anderson-/JIFI/,3.0
Andersos/NIPEN/,2.0
andi34/Omni_frameworks_base/,30.0
andihit/dad-gameregistry/,2.0
AndreaColombo/myTaxiService---Software-Engineering-2-Project-15-16/,3.0
AndreaPara/Software_Engineering_2_Paramithiotti_Rompani_Zoia/,3.0
AndreasBom/1DV607/,4.0
AndreasMaerki/flighttracker/,3.0
andreasnovian/ChipsChallenge/,3.0
andreendo/umlino-rea/,2.0
andrefreitas/feup-cal-flightadvisor/,2.0
andrefreitas/feup-ldso-foodrific/,5.0
andrefreitas/feup-sope-multibanco/,2.0
andrei1986us/potdam/,13.0
andreichelariu92/licenta_2016/,2.0
andremn/lpd-compiler/,2.0
AndreRodas/HDT10/,2.0
Andresteve07/FinalIngDeSoftware/,4.0
andreu-barro/VVS/,3.0
andrewkhouzam/moinemoine/,2.0
AndrewPetrov/TestInstagramProject/,2.0
AndrewPonyk/JustForFunPROJECTS/,2.0
AndrewPonyk/ProgrammingOther/,2.0
andrewservania/machiavelli-cplusplus2/,2.0
andrey9594/kate-andrew-service-project/,2.0
Andrioden/dotacareer/,2.0
Android-AOSP/android_aosp_frameworks_base/,30.0
Android-Area51/frameworks_base/,12.0
android-cn/android-open-project-analysis/,30.0
AndroidLearnerchn/AndroidLibraryProject/,2.0
AndroidSymmetry/frameworks_base/,30.0
andsimo/GpsWeatherData/,3.0
andy-metz/tequila/,3.0
andy135/PracticaVVS/,3.0
andygithub/ReferenceJohnASP/,2.0
aneta-7/Florist/,3.0
Angel-Avila/Proyecto-POO/,2.0
angelalow/angelalow.github.io/,2.0
angelazarquiel/programacion14/,2.0
angelgurrolac/Project-Eagle/,4.0
angelmich/design-patterns-in-ruby/,2.0
Angtrim/se2-project-ega/,3.0
anheru88/Pattern-Adapter-C-Sharp/,2.0
anhphamkstn/DVMC/,3.0
anicloud/ani-cas/,3.0
anilkagak2/EventsMap/,2.0
aniloc111/CompilerProject/,3.0
AnimalPlanet/pdf-to-mindmap-and-ppt-with-textrank/,2.0
anjagil/ProjektZespolowy/,4.0
anjueappen/QuickBuzzer_301/,3.0
ankit-gupta1/CollaborativeFiltering/,2.0
ankitkayastha/SLogo/,4.0
ankushkashyap/Task_Tracker/,4.0
annamcmahon/FundCompIIFinalProject/,2.0
AnnaPereverzieva/SailingPerformance/,3.0
annguyenit/fable.local/,2.0
AnnithaRamesh/Sample1/,3.0
AnnMalofeeva/Sudoku/,3.0
annndrey/npui-unik/,4.0
anobin/3DMagic/,2.0
anpar/LSINF1225-GrT/,5.0
ansp/game-of-life/,2.0
antbots/AntBot/,2.0
Anthony-Todd/Roguelike/,2.0
AnthonyGussy/Pandemie/,3.0
Antinornehs/HyperPlanning_IHM/,2.0
antiqe/RType/,5.0
AntoineAugusti/NoSQL-etatart/,2.0
antoinelaul/AL/,2.0
antoneliasson/edan15/,2.0
AntoninGarret/ProjProg3/,2.0
antoniodicivita/Ingegneria_Del_Software/,2.0
antoniohdez/Simulador-M-M-1/,3.0
antonioricardojr/si1Project/,2.0
AntonioRochaOliveira/EAPLI_PL_2DK/,10.0
AntonioRochaOliveira/EAPLI_PL_2NA/,9.0
AntonioRochaOliveira/EAPLI_PL_2NB/,10.0
antont/speedup-webui/,7.0
Antou/Pool/,3.0
anttross/events/,2.0
anushakondapalli25/software-engineering-project/,3.0
anwilliams93/cs373-idb/,6.0
anyii29/Perzan/,3.0
AOKP/frameworks_base_disabled/,30.0
AOKPSaber/frameworks_base/,30.0
aommm/bibbla/,4.0
AOSP-CAF/platform_frameworks_base/,30.0
AOSP-YU/platform_frameworks_base/,30.0
AOSPB/frameworks_base/,30.0
AOSPLUS/frameworks_base/,27.0
aospSX/platform_frameworks_base/,30.0
apache/activemq-artemis/,30.0
apache/batik/,6.0
apache/brooklyn-docs/,30.0
apache/clerezza/,12.0
apache/click/,4.0
apache/incubator-commonsrdf/,16.0
apache/incubator-geode/,30.0
apache/incubator-myriad/,28.0
apache/incubator-taverna-engine/,6.0
apache/isis/,30.0
apache/jmeter/,30.0
apache/karaf-site/,21.0
apache/maven-sandbox/,29.0
apache/maven/,30.0
apache/poi/,14.0
apache/struts-archive/,8.0
apache/tomee-site/,9.0
apache/usergrid/,30.0
apache/wicket/,30.0
apanda/e2d2-lldb/,30.0
apanda/pilo-ns3/,2.0
apanju/GMIO_Odoo/,30.0
apatel2499/enviroTech/,4.0
apcomptec/Indexes/,2.0
apcomptec/RAIDB/,2.0
apelttom/Maharajah/,2.0
APet74/cseProject/,2.0
aplgithub/haikudepotserver/,17.0
apllicationqcd/application-qcd/,2.0
apoclyps/BBC-News-Hack-II/,3.0
apoclyps/SoC-E-Health-Server/,3.0
apolitogaga/DataLakeSemanticAware/,2.0
appirio-tech/direct-app/,28.0
appirio-tech/topcoder-UML-Tool/,3.0
apple/swift-clang/,30.0
apple/swift-lldb/,30.0
apps8os/motivator/,2.0
AppSaloon/wp-oauth-framework/,2.0
Appsamblea/Appsamblea_docu/,4.0
AppScale/sample-apps/,8.0
apromore/ApromoreDev/,4.0
apyshkin/mps_repo/,18.0
aq1aq2/FPT-Mock-Project/,3.0
aqeelbutt/jenkins/,30.0
aqsaaa/bootcamp2015/,2.0
ArasHeper/Group5Project/,2.0
arcadenea/rockbot/,2.0
arcemu/arcemu/,15.0
ArchSirius/inf2990/,5.0
Arcidev/HauntedHouse/,4.0
ArcticFqx/QTSkoleProsjekt/,3.0
ardianwebikirda/DRAFT/,2.0
AreaROM/android_frameworks_base/,30.0
ArendtTh/FoPra1415AD/,2.0
ArendtTh/FoPra1415SM/,2.0
ArendtTh/Seminar-Eclipse-WS201415/,2.0
arey/java-object-mapper-benchmark/,8.0
arfoll/poky/,30.0
ArgTang/semesterprosject-V2015/,3.0
ArieClaassens/GEOG5561M/,2.0
arielamberden/iSafe/,2.0
arintole/arintole.github.io/,11.0
Aris1353/Hotelio/,2.0
arjovanramshorst/bubble-bobble-sem/,6.0
arjunswaj/self-healing-water-networks/,2.0
arkadiusz-kiliszek/ProjektZespolowy/,3.0
arkan382/OnlinRezteurentSystam/,2.0
arleenponce/Animal-Shelter-Group-Project/,5.0
ArmindoBC/AIAD1415/,2.0
arnajib/ericssontracecompass/,30.0
arnajib/testgerrit/,2.0
arnakigiaxni/e-exams/,2.0
arnaldog12/MeuBebeAndroid/,3.0
arnarleifs/TicTacToe/,5.0
arnaudcoj/gl_pba_club/,3.0
ArnOLFx/Phoenix_v1/,2.0
arnzame/web-information-systems/,2.0
arollavengers/arollavengers.github.com/,2.0
aroquemaurel/Boggle/,2.0
aroquemaurel/LibUML/,2.0
Arquisoft/Trivial_i2a/,8.0
Arquisoft/Trivial1b/,10.0
Arquisoft/Trivial5b/,10.0
ArquitecturaSoft/UNAirlines/,5.0
Arrenda-me/arrenda_me/,5.0
arsalankhalid/Tetrov/,2.0
arsenij-solovjev/OpenStoryboards/,2.0
arsenij-solovjev/sonar-modelbus-plugin/,5.0
arsf/lag/,5.0
arteymix/arteymix.github.io/,2.0
arthaud/raytracer/,3.0
ArthurMLago/Cave-Keeper/,7.0
Artiavis/sereporttemplates/,5.0
artilerien/ProyectoGPI-II/,4.0
artist-project/ARTIST-MDT/,2.0
artist-project/ARTIST/,19.0
artLopez/projectNEO/,2.0
arturmezhidov/FileSocialNetwork/,2.0
artyomtrityak/backbone-package-example/,2.0
arvinisaac/myrepo/,3.0
asajbel/werescrewed/,8.0
asalinasv/sudoku_python/,2.0
asascience/THREDDS/,30.0
Aschen/minestorm/,4.0
Aschen/SmartServeur/,3.0
asciidocfx/AsciidocFX/,25.0
asciidoctor/asciidoctor.org/,30.0
ascott18/Mailer/,3.0
ascott18/PVC/,3.0
asenf/team_SignalGreen/,3.0
asep2014/cometpark/,3.0
ashalper-usgs/aq2rdb/,2.0
Ashenwing/Battleship/,2.0
AsherWright/ECSE211-DPM/,3.0
ashevelov/Nebula_Client/,2.0
ashimaabrol/azure-content/,30.0
ashishkumar1993/PaintSoftware/,2.0
AshitakaLax/SmartHome/,4.0
askiba/master-thesis/,2.0
askpt/ARQSI/,2.0
askpt/LAPR3/,4.0
askpt/LAPR4/,4.0
aspett/cluedo/,2.0
aspett/javamon/,2.0
aspikirby/intersection/,3.0
asrob-uc3m/robotDevastation/,4.0
asterisk/pjproject/,30.0
AsteriskoBerdinKoma/bizalokud/,2.0
asterixom/CookieApp/,4.0
asu-cis-capstone/smockish/,6.0
aszasz/Manual_do_Haxe/,2.0
atadeesom/BubbleBeeDoc/,5.0
ateston/user-manager/,2.0
atf11/testlink/,2.0
AthanasiosKechrimparis/Leisner/,3.0
athlan/polsl-picknplay-doc/,2.0
Athmailer/odoo-dev/,30.0
atlanmod/emfviews/,6.0
atlanmod/mondo-atlzoo-benchmark/,5.0
atlanmod/org.eclipse.atl.atlMR/,5.0
atlanmod/org.eclipse.atl.reactive/,6.0
ATLANTBH/jmeter-components/,10.0
atniptw/massive-octo-ninja/,3.0
ATOffenburg/eCar/,2.0
atok/POWERsim/,4.0
auchenberg/chrome-devtools-app/,6.0
AudioCommons/audiocommons.github.io/,10.0
audioscience/avdecc-lib/,8.0
AugmentedDesignLab/botprint2/,2.0
Aurele-Barriere/Ants_VS_Bees/,2.0
Aurelien62/appliCinema/,2.0
aureliendc/asd-tower-defense/,4.0
Auropen/BikeTilting/,3.0
Auropen/SecondHandCars/,3.0
aurora-java/aurora-ide/,5.0
AustinCWells/HelpMeOut/,6.0
austinglaser/csci3308-project/,4.0
autious/kravall/,9.0
autonomousagents/Assignment2/,2.0
autonomousagents/src/,3.0
autouav/finalproject/,2.0
Avans/Prog6/,2.0
avantage-compris/avc-diagrammer/,2.0
avdi/alter-ego/,3.0
Aveys/Les-tresors-de-Java/,5.0
avgaydashenko/Race/,2.0
aviadhahami/HomeWorkThirdYearFirstSemester/,2.0
avsm/src/,30.0
aw1621107/hacks/,3.0
Awake360/Data/,3.0
AWeaver37/cs121-team15-edu-game/,2.0
awh112/csc440_portal/,2.0
AWildGumiho/moonglaive/,3.0
ax-rwnd/BASAC/,4.0
AxelMueller/IfIWereYou/,2.0
Ayatallah/Looprac/,8.0
Ayatallah/Twikly/,8.0
aydex/IT1901-Gruppe11/,4.0
aymericbouzy/balise/,4.0
AzariasB/QTypingTest/,2.0
azat-archive/qtcreator/,30.0
Azzepa/Skellington/,2.0
B-Stefan/ZIMG/,3.0
B00075707/3stooges/,2.0
B0gdar/ISE_ArchitectureDesign/,7.0
b25stb/cs-3716-project-h/,5.0
B3Partners/b3p-commons-csw/,8.0
b4um1/wasserapp/,3.0
b5510546671/XTreme-Sportshop/,5.0
babayka74/vwml/,2.0
babela86/ProjectoFinal/,2.0
BackupTheBerlios/trumpet/,3.0
BadBoysInc/ScotlandYardOnline/,2.0
baerrach/maven-scm/,30.0
bahit/FacultyCooperative/,3.0
baidu/broc/,4.0
BaierGroup/FitApp/,2.0
baiqizhang/DSTeam10/,2.0
baitarn/TestAndMaintainance/,3.0
bakhtout/odoo-educ/,30.0
bakinibilel/comtrek/,4.0
Bakkes/Karo/,6.0
balamrod/seminario/,2.0
baldeblack/Proyecto_w/,3.0
balhar-jakub/nakaza/,2.0
baliga-lab/gaggle-genomebrowser/,2.0
balintandras/bead/,2.0
bamtech/odoo/,30.0
Banana4Life/Exmatrikulation/,4.0
bananabatman/prutt/,2.0
bananee/DesarrolloDeAplicaciones-GrupoB/,2.0
banasik/Semesterprojekt2/,6.0
banasik/Semesterprojekt3/,5.0
banav/Banav/,2.0
bangstk/Survinator/,2.0
Bankmongot/Pfi2/,2.0
Banno/heatblast/,2.0
BaptisteDegryse/PersonnalProjects/,2.0
BaptisteMounier/Taquin-BarbierMounier/,2.0
BarAgCud/tallerII/,2.0
Barbatos/StadeEauVive/,4.0
barcharcraz/SMMM/,2.0
barreyo/tankz/,4.0
barrmy/frameworks_base/,30.0
barrybecker4/bb4-ui/,2.0
barrykn/android_frameworks_base-cm72-bkndh1/,30.0
barsgroup/m3-core/,7.0
Baruh/Projects/,2.0
basemp44/padsoft2014/,2.0
Basian/PC-WallDistanceProject/,3.0
BasicConceptClassification/ClassificationDeveloper/,5.0
bassie97/Project-Paarse-vogel/,4.0
BastienIstil/Marathon/,5.0
batatero/arquiteturaPHP00/,2.0
Batfackel/SDDGroupProject/,6.0
batwood001/learning_app/,5.0
baudvix/roboteams/,5.0
baumjamin/gogool/,2.0
baygoit/GoJava/,30.0
bbengfort/printing-press/,6.0
bboecherer/SailingSchoolManagerWPF/,4.0
bbustillos/saleh_dev/,2.0
bcaudell95/EECS448_HW4/,2.0
bcaudell95/EECS448_HW5/,2.0
bcfurtado/educabrasil/,2.0
bDino/VS2013-2014/,2.0
BDSA-2015/AutosysDocuments/,4.0
BDSAMacGyvers/AS39/,2.0
BDSAMacGyvers/AS40/,3.0
BDSAMacGyvers/AS45/,3.0
bdvll/CS3103Proj/,2.0
Beatmeifyoucan/Service/,2.0
beatorizu/ProjetoSeboOnline/,3.0
BeatProgramming/teacher_tracker/,3.0
beaussart/angryBrids/,3.0
bebopsan/peyeQM/,3.0
becuz/RESTmoteControl/,2.0
Beefster09/cs340-catan/,4.0
begly/Ant-Simulation/,2.0
behnaaz/extensible-coordination-tools/,2.0
behnamhatami/91-2-OOD-Exhibition/,2.0
BelieveROM/frameworks_base/,30.0
beljul/Irrlicht_CPP_DTU/,2.0
bellevik/glory/,7.0
BenAllenUK/PANDA-Coursework-3/,2.0
benas/gamehub.io/,4.0
bender-futur/pujcovna-stroju/,4.0
benetech/Martus-Project/,3.0
bengol/RakNet/,6.0
BenHand/madlib/,3.0
benjaffe/vinyl/,20.0
BenjaminJornet/ChessGame/,2.0
benlau/quickandroid/,3.0
benlau/quickflux/,7.0
BeNMarco/TrafficoViarioSCD/,2.0
benna100/CityWalk/,3.0
benoitbleuze/OTSDesignPatternLecture/,2.0
benpicco/mate-deskbar-applet/,30.0
Bensge/Project-alpha/,4.0
bensmooth/raytracer/,2.0
benwayne182/proxybanque/,3.0
benyu2/Test/,3.0
BenzoPlayer/frameworks_base/,30.0
BenzoRom/frameworks_base/,30.0
beranradek/formio/,4.0
BergarSimonsen/BNDN-Project/,5.0
BergarSimonsen/SMDP/,3.0
bergs13/ch.bfh.bti7301.hs13.team1.graphviewer/,2.0
bergsteiger/dummycalculator/,2.0
bergsteiger/mindstream/,3.0
berna87/ProyectoTema2PSS/,3.0
bernagg/arcowabungaproject/,4.0
bernhardfritz/SchiLiftApp/,3.0
berryjam/Doxygen-Ubigraph-GUI/,2.0
bersve26/TCSS-511-2016/,2.0
bertiniteam/b2/,8.0
bethanynagel/StormChaser/,2.0
BETTEGuillaume/Angrybirds2/,4.0
beziarum/pong/,2.0
bfaltrep/BDD/,2.0
bfarndt/gerencia_noticia/,4.0
bfh-evg/unicert/,2.0
BGCX067/fallout-equestria-git/,3.0
bgmacaque/conception-tut/,2.0
bgpro/hilcom/,2.0
bhanu550/FlyinTravel/,4.0
BHITS/Consent2Share/,9.0
bhzunami/FHNW/,5.0
bi3mer/networkedChess/,3.0
biancaJeleu/epf-fdd/,2.0
BichonxD/laFac.com/,4.0
bieridee/bieridee-docs/,3.0
BIG-Tools/BigBrowser/,3.0
bigwookiee/CS383/,4.0
Bildoor/Uppdrag5/,2.0
billrive/billrive/,7.0
BillWenChaoJiang/JobSearchEnhancer/,2.0
BinaryBrain/HEIG-POO/,3.0
BinoneJava/BatailleNavaleSamAntho/,2.0
BIO-DIKU/SeqScan/,4.0
biocore/scikit-bio-presentations/,3.0
biohack/ajls-baltimore-clueless/,2.0
bioinfocttj/data_mining/,2.0
bioinformatics-ua/neji/,2.0
BioInterchange/BioInterchange/,3.0
biolab/orange3/,30.0
Biomechanical-ToolKit/BTKCore/,4.0
bireme/opentrials/,9.0
birkz/fantasy-football/,3.0
Biscode/yard/,4.0
bitben/bitben.github.io/,2.0
Bitbored/Wake-up-Robot-Client/,2.0
bitcoupon/bitcoupon-android-client/,5.0
bitsauce/OverworldGame/,2.0
bjarnigud/verk2015/,5.0
bjcrawford/Gravity/,2.0
BjornNorgaard/I4DAB/,3.0
BjornNorgaard/I4SWD/,3.0
BjornvdLaan/liesbeth-bjorn-rogier/,3.0
Bjtrenth/ENGO500_Old/,5.0
bkbeckman/eye-tracking/,5.0
Black-Frog/ProjetAnalyse/,2.0
blackberry/BB10-WebWorks-Community-Samples/,18.0
blackberry/OGRE/,4.0
BlackburnCollege/cs212-lab-sp16/,3.0
Blackcatn13/houseDesigner/,2.0
BlackFeetTUM/Database/,2.0
BlackhoefStudios/DropIt/,2.0
Blackjack92/fhvOS/,3.0
BlackShark2015/TNT_Exams/,4.0
BlackSlashProd/Heracles-Sport/,2.0
BlackthornYugen/SoundScape/,2.0
BlackToppStudios/Mezzanine/,6.0
Blahfargl/Glubenheim/,3.0
blakeshall/499/,2.0
Blakez/android_frameworks_base/,30.0
Blakez/jollipop_frameworks_base/,30.0
Blaskon/GroupProject/,4.0
Blobymorph/ING3-Projet-JAVA-S2/,3.0
Bloody-Rabbit/Minnions/,3.0
BlueBarracudas/Deliverables/,9.0
blueblob0/GameAiSpace/,2.0
BlueBrain/RESTBridge/,4.0
BlueInt32/prez/,2.0
BlueInt32/super-sprint/,3.0
Bluerise/OpenBSD-src/,30.0
bluez-android/aosp_platform_frameworks_base/,30.0
bmael/Nashor/,2.0
bmawji3/cs2340-MULE/,2.0
bmfm/meeto-v2/,2.0
bmgorski/BrokerObserverPattern/,2.0
BMKEG/vpdmfCore/,2.0
BMKEG/vpdmfGenerator/,2.0
BMRagot/ObjetLofteur/,2.0
BMX-Nick/Chunk/,3.0
bnoi/spindle_tracker/,2.0
boblablaw/react-firenotes/,17.0
boebu/ch.bfh.bti7081.s2013.yellow/,4.0
boggdan95/HojaDeTrabajo-10/,2.0
Bojan011/group9-app/,2.0
bojoer/loadui/,4.0
bokovayagv/GroupProject_Go_IT/,4.0
bolanojo/Moviles-IIProyecto/,3.0
bombardellif/probabilistic-color-by-numbers/,3.0
bombmanual/bombmanual.github.io/,24.0
bompi88/fpgruppe27/,6.0
bongcall/Git_Rep/,6.0
bookatgithub/bookatgithub.github.io/,2.0
bookbrainz/bookbrainz-ws/,6.0
bookreader/quantlib/,30.0
boost-experimental/di/,21.0
Booster2/Booster2/,4.0
borafael/vaquita/,2.0
BORGROMz/android_frameworks_base/,30.0
borje/apmaskin/,2.0
borman/phoneme-qtopia/,2.0
bossen/P2/,7.0
bossen/P3-Program/,5.0
bounswe/bounswe2015group9/,12.0
Bowerbird/bowerbird-web/,2.0
BP2014W1/JEngine/,5.0
BPalagachev/TelerikAcademy/,2.0
bperraud/Projet-NA17/,3.0
bpmn-io/cmmn-moddle/,3.0
BProj-LMN/Bachelorprojekt/,3.0
Bradyta/TypeSpeedGame/,2.0
brahafa/MyPureDays/,2.0
Braindamage1989/kantine/,2.0
Braindamage1989/vossen-en-konijnen/,2.0
brainydexter/brainydexter.github.com/,2.0
brandonnchoii/SLogo/,4.0
brandonnchoii/VOOGASalad/,12.0
branstraub/office-boxes/,2.0
breadcrumb-lboro/group-project-pid/,2.0
brecinos/SEfall2014/,2.0
bref/bref.github.com/,3.0
Brefew/csci4448_Project/,3.0
BrendelSantos/ProjetoHotel/,5.0
Brendo94/Trabalho-JPA/,2.0
Brenin/PJ2100-Gruppe21/,6.0
brenocarvalho/MatriculaUFF/,2.0
BrenoSouza/LP2.Projeto/,3.0
BrewItYourself/Documentation/,3.0
brian-j-smith/Mamba.jl/,12.0
BrianNewsom/Design-Patterns/,3.0
bricksdev/trunk/,2.0
Brijeshrpatel9/DataGeneratorFinal/,10.0
broadcomCM/android_frameworks_base/,30.0
BrokenROM/frameworks_base/,30.0
BrokingClub/BrokingClub/,3.0
brollins90/pro160project/,2.0
BrOrlandi/SFECommerce/,3.0
broschb/cyclebrain/,2.0
browseinfo/Teknopet_server_v7/,2.0
BruceGatterman/lemeed/,3.0
bruno147/driver-ga/,5.0
Bruno26/hola-bebe/,3.0
brunobarros/mpes-reuso-basico/,2.0
brunoccst/TecnicasDeProgramacao/,2.0
brunodiniz/KSE/,2.0
BrunoLavigne/420-113-AH-DRAGONS/,6.0
BrunoMatry/cloudbook/,2.0
brunomperes/TeamE-semester2/,4.0
brunopessanha/Projeto-Final-UnB/,2.0
brunosouzasilva/INE5412-Filesystem/,4.0
bryanjimenez/empanada/,3.0
bryanpope/PuckMan3D/,4.0
bryantrobbins/baseball/,7.0
bryce09/tf700tkernel/,30.0
BryceHennen/ASEE-2015/,4.0
BS-Harou/db2013/,3.0
bstock92/ShipMate/,2.0
BSUIR350531/kosiakov/,2.0
btd1337/Modelagem01-SGA/,2.0
BTFC/ticTacToe/,6.0
btravers/Projet-Archives/,7.0
BTS2-Projet-1/BTS2-Projet-1.github.io/,5.0
btward/The_Real_Chimera/,2.0
BU-NU-CLOUD-SP16/MOC-Monitoring/,2.0
Buble1981/MyDroolsFork/,30.0
buddha87/dala_browserify/,2.0
budnyjj/university/,2.0
bugkillerz/Guava-Event-Bus/,2.0
BuildmLearn/BuildmLearn-Store/,3.0
buke/openerp-doc/,30.0
bundy-dns/bundy/,28.0
bungeni/bungeni-docs/,2.0
BuonOmo/Analogs/,2.0
buren/enduro/,6.0
Burris19/Online-Store/,2.0
busjaeger/cs423fa11grp6/,3.0
Buzdygan/ai-arena/,3.0
buzea/ProgrammingTechniques/,2.0
bvgastel/xmas/,3.0
bwahn/kubernetes/,30.0
Bwata/Tweet9001/,3.0
bwgaydon/CSCI4448-HW3/,2.0
BWMuller/COS301-MiniProject-G6-P2/,4.0
bwormley/CS151_RPS/,3.0
bwstaal/SaveVSUMLDiagramsToImageFile/,2.0
bxo/bxo.github.io/,2.0
byterom/android_frameworks_base/,30.0
BYU-NLP-Lab/topicalguide/,11.0
byui-burton/cs165-course/,3.0
c-a-m/passfault/,4.0
C-RoM-L/android_frameworks_base/,30.0
c00w/BitToll/,3.0
c1103014/sharerepository/,2.0
c1phr/cs465_transactions/,3.0
C204-242-DJSMT/Assignment-1/,5.0
C204-242-DJSMT/Assignment-2/,4.0
C3BI-pasteur-fr/python-course-1/,2.0
C3S/c3s.dev/,3.0
cacheonix/cacheonix-core/,2.0
cadencii/cadencii-nt/,2.0
cadobongda/custom-gtn/,25.0
caesarxuchao/caesarxuchao.github.io/,30.0
CAF-victara/platform_frameworks_base/,30.0
caffeine206/430FP/,3.0
caioccaa/TCC---Brunno-e-Caio/,2.0
CaioIcy/ICG_OpenGL/,3.0
caioteixeira/RedesNeurais/,2.0
cakesultancm11/android_frameworks_base/,30.0
Calleberg/Operation_5A/,4.0
calystene/COO_Project/,2.0
CalZoneVUB/Documents/,4.0
Cam0495/BulletZoneCS619/,3.0
camilorivera/Analisis_Y_Dise-o_Teleton/,5.0
camneilley/se103-game/,4.0
camptocamp/ngo-addons-backport/,30.0
camsci/meteor-pi/,2.0
Canadensys/narwhal-processor/,5.0
CanadianEngineer/HCIDrawingProgram/,2.0
CandyKat/frameworks_base/,30.0
CandyRoms/frameworks_base/,30.0
CandySiX-Testing/frameworks_base/,30.0
canonici/GL-M1/,5.0
CanvasHS/Verslag/,4.0
caojingqing/geoserc/,30.0
CapstoneTeam11/Document/,5.0
caraci/ihotel/,3.0
caratarse/caratarse-auth/,2.0
CARDENASNAVARRO/android/,2.0
Caresilabs/Laith/,5.0
CargoWizard/CargoWizard/,5.0
carlatgithub/jungle/,4.0
Carles15/Tramerbank6.0/,2.0
carlescliment/curso-symfony2/,3.0
carlogeertse/OOPDraw/,2.0
carlosrgomes/designpatterns/,2.0
carosio/poky/,30.0
CarraraRomain/Fodus/,3.0
cart92/ETS170-Group-I/,3.0
casputman/qwirkle/,2.0
cassie-rad/cassie-rad.github.io/,2.0
cassiobotaro/Trabalho_LP3/,2.0
catalin-/muxar/,2.0
catalin-/taip_social_study/,3.0
Catherine-PL/Catan/,4.0
catherinemoresco/PDFProject/,5.0
cathywu/Sentiment-Analysis/,2.0
causse/game-of-life/,3.0
cawka/ns-3-dev-ndnSIM-old/,30.0
cawka/ns-3-dev-ndnSIM/,30.0
cawka/waf-old-fork/,27.0
cawka/waf/,27.0
cbeams-archive/spring-framework-2.5.x/,5.0
cbeck88/clang/,30.0
cbenist/Tales-of-White-Wolf/,3.0
cbenoist/Slech/,2.0
cbrun/emf-compare/,2.0
cbrun/org.eclipse.sirius/,8.0
cbsrbiobank/biobank/,8.0
cbudo/UMLCreator/,2.0
cbuegr320/atmRepo/,7.0
ccruzp/TareaDeSoftware/,2.0
ccstorch/am-academia/,2.0
CCSU-CS407F15/CourseInfo/,2.0
cderoove/damp.ekeko.snippets/,3.0
cdies/labs/,2.0
CDLUC3/dash/,7.0
cdrooom/odoo/,30.0
cdut007/PMS_TASK/,2.0
CE-KMITL-OOAD-2014/Movie_Ticket_booking/,2.0
CE-KMITL-OOAD-2015/CE-SMART-TRACKER-DEV/,2.0
ceccr/chembench/,6.0
Cedric-Paris/WorldSimulator/,2.0
cedric92/INA/,3.0
CedricBm/airblio/,3.0
CedricReichenbach/DoodleDebug/,4.0
celloist/Rogue/,2.0
celtre/UWorks/,5.0
cemoses/aspnet/,24.0
cen4010-onlinecardealer/docs/,4.0
Cendrb/UTU-on-Rails/,2.0
CentauriROM/android_frameworks_base/,30.0
cerndb/wls-cli/,2.0
CERT-Polska/hsn2-commons-java/,5.0
certik/trilinos/,30.0
CFattori/cronovisor/,2.0
cfg2015/EPT-2015-2/,2.0
cfljam/VISG-course-2012/,2.0
cfriedrich/LanguageInformant/,2.0
CGAL/cgal/,30.0
cghnassia/BD50_TourDeFrance/,3.0
cgjones/android-frameworks-base/,30.0
cgsheeh/3a04_21questions/,2.0
cgstudiomap/cgstudiomap/,2.0
ch-andrei/Ise_Project_TowerDefense_Winter2014/,2.0
chaehyun/soft_engineering/,2.0
chaimt/Tikal-Java-RoadMap/,2.0
chaluja7/fixitapp/,2.0
chamocc/HDT4/,2.0
chamocc/HDT8/,3.0
champion1337/Spiderel/,2.0
ChangeVision/astah-xmi-import-plugin/,9.0
chanjettplus/Chanjet.TP/,4.0
ChantelG/Halftone/,3.0
Chanyanuch/MasterPeace/,4.0
Chaosg5/Chaos/,2.0
Chapstic/NomNet/,4.0
chapuni/lldb/,30.0
chapuni/llvm-project/,30.0
Charles-M/CompilateurPlic/,2.0
charlesfire/OS-TP3-99/,2.0
CharlesGust/Higher-Dimensions/,2.0
CharlesMcquade/cs373-idb/,3.0
CharlesTaylor/CS319-Project/,3.0
charlyAttrait/Search-Find-Project/,2.0
CharlyEtu/web-directory/,2.0
chastell/talks/,4.0
chathika/PanicPersonalitySIm/,2.0
chear/NeuroView/,5.0
cheddarhead4/los-siete-amigos/,6.0
cheerypick/pg3300/,2.0
chelmi5/Cutlery_Knights/,2.0
Chelsea-Dover/ChelsDevCamp_July27/,2.0
chenbachar/HelpApp/,3.0
chenyf/sync/,2.0
Cheppert/SMAR-LaTeX/,3.0
chetanbasuray/AirTraffic_Team2/,4.0
Chevron94/NetCrackerGames/,4.0
chevyng/OpenMRS-website/,3.0
chewett/COMP6205/,2.0
chharam/Capstone_IPM_RV/,3.0
chhh/javolution/,3.0
chibenwa/james-project/,30.0
ChienHsiangLee/book/,2.0
chiggs/UVM/,11.0
chikitulfo/apoyanos-tds/,2.0
chilliwilly/DEJ_RIFA/,2.0
chinchalupa/CSSE374-Project/,2.0
Chinchilla-Software-Com/CQRS/,8.0
chio003/Test/,13.0
chiped/MusicApp/,2.0
chippyash/Assembly-Builder/,2.0
chippyash/Currency/,2.0
chiranthan/AugmentMe/,3.0
chiss2906/pezones/,19.0
chocoyaki/gaas/,14.0
choppsv1/pyang/,2.0
chouteau/QMailer/,2.0
chrban/prosjektoppgave-cpp/,3.0
Chris-Dee/Slogo_2014/,3.0
chrisarusso/Tilthy-Rich-Compost-Website/,3.0
chrisk90/CO880/,3.0
ChrisNeveu/CobraSketch/,3.0
chrisPiemonte/car-loan/,2.0
chrissicool/l4openbsd/,2.0
ChristelleLacan/QuizZer/,4.0
christianalfoni/EmptyBox/,3.0
ChristianBlom/Pfi2/,2.0
christiandt/Secure-Chat/,2.0
christiankjaer/pop-webhelp/,3.0
ChristianoSantos/Spoken/,4.0
christiansax/MoCap/,2.0
ChristinaXiaochenXing/ChristinaXiaochenXing.github.io/,2.0
christophd/citrus/,30.0
ChristopheCluizel/PAO-Optitrack-drone/,2.0
ChristopheCluizel/projet-CASI/,2.0
ChristopheCluizel/Projet-Info-Rep-Labyrinthe/,5.0
ChristopherJamesJordan/CSCI4448HW3/,3.0
ChristopherStumm/TimHortons/,5.0
chriswait/smartHack/,2.0
chrisweb/freeMusic.zone/,2.0
chrizzTs/Who-U/,4.0
Chromlum/Piercy/,2.0
chrpapa/Patterns_JS_Seminar/,2.0
chrplr/AIP2015/,3.0
chudaol/ed-era-book-biology/,6.0
chung4018/DisenoSoftware-MRS/,3.0
ciaranmcnulty/phpspec-talk/,2.0
CiberMeal/CiberMeal/,2.0
cicerocamargo/Anahy-3/,2.0
cie0037/kaira/,7.0
Cikojack99/TampanCrew-ADBO-Project/,2.0
cinemaouvert/opp_plugins/,3.0
CingProject/Cing/,7.0
CIRCL/bgp-ranking/,4.0
cis422s14team5/WatchlistPro/,2.0
cis542/LS_DV_Routing/,3.0
CIT360-CTF/CIT360-CTF/,2.0
Civilization-CSSE376/Civilization/,2.0
cjefferies84/recipe_organizer_frontend/,30.0
cjeffery/sworsorc/,15.0
cjimenez13/Software-Design-Project-I/,2.0
cjlux/AMVU/,5.0
CKOTech/checkout-java-library/,9.0
Clarkson-University-FlipBook/FlipbookAnimator/,3.0
classicnerd/frameworks_base/,30.0
clbr/GrassCreature/,3.0
cleboull/Smallworld/,2.0
clee0/Checkers/,4.0
ClemensDaCoder/PacmanBoard/,2.0
clif7786/hw2_a/,4.0
ClintEsteMadera/arco-iris/,2.0
cliqz-oss/keyvi/,7.0
AOSPA/android_frameworks_base/,19.0
Azure/azure-content/,14000.0
BlissRoms/platform_frameworks_base/,1780.0
